0,1,2,3,4,5,6,7
-0.8804625140395659,-0.2789065074156183,-0.1868283649044562,-0.18630302075812633,-0.23803984699639635,-0.8500359105058859,-0.8883789497491742,-1.1281948069606422
0.6917919753168019,1.125292617843605,-0.8452543205148757,-0.07270361785682983,-0.23803984699639635,-1.3008172939221017,-0.9648745625219133,1.4452962314655742
0.06289017957425477,0.6368755307969186,1.0477203018650805,-0.2999024236594228,-0.5331793498023102,-0.6319158862722329,-0.932511034041139,-0.5957483852172871
1.320693771059349,0.9116101422606797,-0.8452543205148757,-0.4135018265607193,4.1300247945311295,0.10969219612218746,0.10900615524923384,1.0903319503033373
-0.5660116161682923,-0.8283757303431405,-1.0098608094174806,-1.4358964526723879,-0.29706774755757914,0.21148154076455927,-0.90603178346596,-1.0394537366700831
-1.1949134119108396,-0.9199539341643942,-0.6806478316122708,1.0632904111561352,-0.47415144924112745,1.6510737007066687,-0.4117524393959527,-1.0394537366700831
-0.8804625140395659,0.7895058704990081,-1.0098608094174806,-0.07270361785682983,-0.23803984699639635,-1.039073264841718,-0.9619324235691157,-1.0394537366700831
-0.8804625140395659,-0.4010107791772899,0.6362040796085682,1.744886828563914,-0.15540078621074047,0.22602287571346866,-0.8501311433628045,-0.8619715960889647
-1.1949134119108396,-0.18732830359436461,-0.6806478316122708,-1.3222970497710913,-0.6276239907002027,0.24056421066237904,0.6444754446584083,-0.9507126663795239
1.949595566801896,-0.09575009977311091,-0.3514348538070611,-0.07270361785682983,-0.23803984699639635,-0.2974651824472982,-0.7295034462981003,0.6466265988505414
-0.8804625140395659,-1.1336364097473195,-3.4789581429565537,1.4040886198600246,-0.5449849299145468,3.163372535393329,-0.029274375532256453,-0.6844894555078463
0.06289017957425477,-1.0725842738664837,-0.02222187600185133,-0.07270361785682983,-0.23803984699639635,-0.7627879008124244,0.3061294650866771,-0.2407841040550504
-0.5660116161682923,-0.5841671868197973,-0.6806478316122708,0.6088927995509491,-0.3088733276698157,-0.3992545270896695,2.6304192377968305,0.02543910681662716
-0.5660116161682923,1.5221315010690377,1.2946300352189877,-0.07270361785682983,-0.23803984699639635,-1.5043959832068448,-0.5294379975078591,-1.0394537366700831
0.06289017957425477,0.6674015987373365,0.14238461290075355,-0.5271012294620158,1.745297611859345,0.24056421066237904,-0.35585179929279703,-0.3295251743456096
2.2640464646731697,0.056880239928978574,2.7760884353424315,-0.07270361785682983,-0.23803984699639635,0.8367589435676974,-0.9295688950883413,1.5340373017561333
1.0062428731880755,1.3084490254861123,1.2946300352189877,1.4040886198600246,2.0758538550019687,0.7204282639764162,0.8268880597318636,0.5578855285599823
-1.1949134119108396,-0.5536411188793794,-1.0098608094174806,-0.5271012294620158,-0.23803984699639635,-0.9954492599949879,-1.0972708153978081,-0.9507126663795239
0.06289017957425477,1.766340044592381,-0.02222187600185133,-0.07270361785682983,-0.23803984699639635,-0.7046225610167839,-0.8648418381267928,0.20292124739774553
1.320693771059349,-1.835735972376931,-0.02222187600185133,-0.7543000352646088,-0.23803984699639635,-0.1811345028560165,0.2767080755587005,0.7353676691411006
0.06289017957425477,-0.24838043947520042,-0.8452543205148757,-2.0038934671788704,-0.23803984699639635,-0.5155852066809512,-0.3705624940567853,-0.3295251743456096
0.06289017957425477,-1.225214613568573,-1.1744672983200855,-0.8678994381659053,-1.1352639355263745,-0.7918705707102448,-0.5882807765638124,-0.5070073149267279
1.320693771059349,-0.5231150509389615,-0.1868283649044562,-0.07270361785682983,-0.23803984699639635,-0.3992545270896695,1.3211674038018708,-0.06330196347393202
0.3773410774455283,-0.8589017982835584,0.3069911018033584,-0.2999024236594228,-0.23803984699639635,0.34235355530475087,-0.3764467719623807,1.6227783720466924
-1.1949134119108396,-1.0420582059260657,0.6362040796085682,-0.07270361785682983,-0.23803984699639635,-0.12296916306037592,0.27965021451149813,-0.5957483852172871
-0.8804625140395659,-1.0420582059260657,-0.6806478316122708,-0.6407006323633123,-0.23803984699639635,-0.5882918814255022,-0.923684617182746,-1.1281948069606422
-1.1949134119108396,-0.24838043947520042,0.6362040796085682,0.15449518794576317,-1.0880416150774284,1.7383217104001303,-1.2267249293209055,-0.8619715960889647
-1.1949134119108396,-0.6452193227006331,0.3069911018033584,-0.07270361785682983,-0.23803984699639635,-2.1587560559078036,0.22374957440834248,-0.5957483852172871
1.0062428731880755,-0.6146932547602152,-0.02222187600185133,-0.07270361785682983,-0.23803984699639635,-0.13751049800928633,-0.5912229155166101,-0.8619715960889647
-0.8804625140395659,-1.4694231570919163,-1.3390737872226903,0.04089578504446668,-1.0526248747407188,0.00790285147981566,2.192040533829979,-0.8619715960889647
-0.5660116161682923,0.11793237580981437,-0.02222187600185133,-0.07270361785682983,-0.23803984699639635,0.7640522688231465,-0.5941650544694078,0.6466265988505414
2.2640464646731697,0.33161485139273966,0.9654170574137779,0.6088927995509491,-0.17901194643521356,-0.7191638959656937,-0.7236191683925048,0.7353676691411006
-1.1949134119108396,1.7052879087115451,1.2946300352189877,1.6312874256626175,4.307108496214678,1.4620363463708355,-0.8354204485988161,-0.6844894555078463
-1.1949134119108396,0.6368755307969186,0.800810568511173,-0.07270361785682983,-0.23803984699639635,1.0548789678013504,3.751374178812741,0.912849809722219
-1.1949134119108396,-1.255740681508991,0.800810568511173,0.15449518794576317,-0.23803984699639635,0.7204282639764162,-0.8030569201180419,-0.9507126663795239
-0.8804625140395659,-0.3399586432964541,-0.516041342709666,0.7224922024522457,0.6473786614213454,0.7058869290275058,-0.6382971387613727,-1.1281948069606422
-0.8804625140395659,-0.7673235944623047,0.14238461290075355,-2.0038934671788704,-1.1706806758630843,-1.9988013714697914,-1.0501965921530454,-0.5070073149267279
-0.2515607182970188,-1.0725842738664837,0.4715975907059633,-0.07270361785682983,-0.23803984699639635,1.3747883366773752,0.15608037849399647,-1.1281948069606422
-1.1949134119108396,0.17898451169065016,-0.516041342709666,1.1768898140574315,-0.23803984699639635,0.15331620096891765,-0.9119160613715553,-1.0394537366700831
-0.8804625140395659,-0.0041718959518572225,-1.832893253930505,1.1768898140574315,0.257794517717539,0.00790285147981566,1.3417623764714544,-0.5070073149267279
-0.5660116161682923,-1.011532137985648,-1.6682867650279,-0.07270361785682983,-0.23803984699639635,-0.4574198668853101,-1.0737337037754269,-1.0394537366700831
-0.5660116161682923,-0.12627616771352881,-0.1868283649044562,0.26809459084705967,-0.592207250363493,0.8513002785166078,1.1181598160588322,-0.9507126663795239
-0.5660116161682923,-1.2862667494494089,-0.5983445871609684,-0.18630302075812633,-0.9345690736183532,0.5168495746916726,0.36203010518983275,-0.8619715960889647
-0.5660116161682923,0.08740630786939647,-0.6806478316122708,1.4040886198600246,-0.23803984699639635,0.9821722930567994,1.7507196909103295,-0.8619715960889647
-0.8804625140395659,-0.24838043947520042,-1.0098608094174806,-0.7543000352646088,-0.4623458691288909,0.08060952622436665,-0.11753854411618626,-0.5957483852172871
1.949595566801896,-0.3094325753560362,-0.02222187600185133,-0.07270361785682983,-0.23803984699639635,0.29872955045801963,-1.0943286764450104,-0.4182662446361688
-0.8804625140395659,-0.7978496624027226,-1.1744672983200855,-2.231092272981463,-0.23803984699639635,-1.14086260948409,0.13254326687161516,-1.1281948069606422
-0.8804625140395659,-0.4010107791772899,-0.02222187600185133,0.04089578504446668,0.364044738727668,0.16785753591782807,0.06487407095726885,-0.7732305257984056
-1.1949134119108396,-0.6146932547602152,-0.3514348538070611,-0.8678994381659053,-0.23803984699639635,-1.9260946967252404,-0.7942305032596488,-1.0394537366700831
-0.8804625140395659,-0.675745390641051,-3.4789581429565537,0.9496910082548387,-0.7338742117103317,1.4620363463708355,-0.9501638677579249,-0.06330196347393202
0.6917919753168019,-3.8199303885040945,-0.3514348538070611,1.290489216958728,-0.23803984699639635,0.8367589435676974,0.6503597225640037,0.6466265988505414
-0.8804625140395659,0.5758233949160828,0.800810568511173,1.8584862314652106,0.4112670591766142,1.8691937249403217,-0.5029587469326802,1.0903319503033373
-1.1949134119108396,0.48424519109482916,-0.02222187600185133,-0.07270361785682983,-0.23803984699639635,1.331164331830644,-0.8854368107963765,-0.4182662446361688
-0.8804625140395659,-1.011532137985648,-0.8452543205148757,-0.5271012294620158,-1.229708576424267,-1.9988013714697914,-0.07046432087142378,-0.7732305257984056
0.06289017957425477,-0.09575009977311091,-0.3514348538070611,-0.07270361785682983,-0.23803984699639635,0.25510554561128945,-0.329372548717618,-0.4182662446361688
-0.2515607182970188,-0.675745390641051,-0.02222187600185133,0.04089578504446668,0.08071081603399066,-0.8209532406080651,0.6591861394223967,-0.5957483852172871
0.3773410774455283,-0.5231150509389615,-0.02222187600185133,1.5176880227613212,-0.8283188526082241,0.41506023004930187,-0.7147927515341119,-0.06330196347393202
0.3773410774455283,-1.5915274288535879,-1.0098608094174806,-0.07270361785682983,-0.23803984699639635,-0.9372839201993468,-0.7000820567701236,-0.5957483852172871
0.06289017957425477,-0.7978496624027226,-0.3514348538070611,0.9496910082548387,-0.23803984699639635,-0.06480382326473534,-1.061965147964236,-0.06330196347393202
-1.1949134119108396,1.6442357728307093,-1.832893253930505,0.7224922024522457,0.16334987681964655,0.6622629241807746,-0.1499020725969606,-1.0394537366700831
-0.8804625140395659,0.5758233949160828,0.800810568511173,1.1768898140574315,-0.23803984699639635,1.1712096473926317,0.29730304822828413,-0.5070073149267279
0.6917919753168019,-0.4925889829985436,-1.0098608094174806,-0.2999024236594228,-0.23803984699639635,-1.1990279492797304,-0.8824946718435789,-0.5957483852172871
-0.2515607182970188,0.42319305521399336,-1.5036802761252952,-0.07270361785682983,-0.23803984699639635,-1.111779939586269,-0.3058354370952367,-1.0394537366700831
0.6917919753168019,-0.675745390641051,-0.516041342709666,-0.07270361785682983,-0.23803984699639635,-1.3008172939221017,-0.7559826968732792,-0.4182662446361688
0.6917919753168019,-0.0041718959518572225,-0.3514348538070611,0.04089578504446668,-0.29706774755757914,-0.4719612018342205,-0.12342282202178159,-0.15204303376449121
-0.8804625140395659,0.08740630786939647,1.2946300352189877,1.0632904111561352,-0.41512354867994467,0.47322556984494246,1.6212655769872324,0.2916623176883047
-1.1949134119108396,-0.370484711236872,0.6362040796085682,-1.5494958555736842,-0.23803984699639635,-0.3265478523451185,1.08285414862526,-1.1281948069606422
-0.5660116161682923,-1.255740681508991,-0.02222187600185133,-0.07270361785682983,-0.23803984699639635,-0.13751049800928633,-0.5941650544694078,-1.1281948069606422
0.06289017957425477,-0.9199539341643942,-1.0098608094174806,0.26809459084705967,-0.23803984699639635,0.31327088540693004,-0.6530078335253611,-0.5070073149267279
-1.1949134119108396,0.056880239928978574,0.6362040796085682,0.8360916053535421,0.765434462543711,0.44414289994712164,0.8769044219294239,-0.9507126663795239
0.3773410774455283,-1.4388970891514985,-1.9974997428331098,-0.07270361785682983,-0.23803984699639635,0.06606819127545728,0.4355835790097744,-0.7732305257984056
1.6351446689306226,1.4000272293073661,3.1053014131476413,-0.6407006323633123,1.1196018659108076,1.76740438029795,0.6327068888472177,1.8002605126278108
-0.8804625140395659,1.430553297247784,-0.3514348538070611,2.1992844401691003,5.121693523959,1.331164331830644,0.5768062487440621,-0.5070073149267279
-1.1949134119108396,0.45371912315441126,-0.5983445871609684,-0.4135018265607193,-0.17901194643521356,1.3602470017284647,-0.22051340746410455,-0.8619715960889647
-0.2515607182970188,-0.370484711236872,-2.32671272063832,-1.8902940642775738,-0.23803984699639635,-1.5771026579513958,-1.0766758427282244,-1.0394537366700831
-0.2515607182970188,-1.56100136091317,-0.3514348538070611,-0.18630302075812633,-1.1824862559753209,-0.5155852066809512,-0.6265285829501821,-0.9507126663795239
0.3773410774455283,-0.24838043947520042,1.1300235463163828,0.04089578504446668,-0.47415144924112745,0.8513002785166078,-0.7500984189676839,0.7353676691411006
-1.1949134119108396,-0.7673235944623047,1.2946300352189877,3.4488778720833615,-0.41512354867994467,1.9709830695826924,1.3417623764714544,-0.2407841040550504
-1.1949134119108396,-1.4388970891514985,1.2946300352189877,-0.07270361785682983,-1.2415141565365035,0.531390909640583,-0.21168699060571156,-1.1281948069606422
0.3773410774455283,1.8884443163540525,0.3069911018033584,-0.2999024236594228,0.7300177222070012,1.5056603512175668,1.5535963810728863,1.7115194423372517
-0.8804625140395659,-0.8589017982835584,-0.6806478316122708,-1.2086976468697948,-0.7456797918225683,-2.187838725805624,-0.608875749233396,-1.1281948069606422
1.6351446689306226,-0.09575009977311091,-1.3390737872226903,-0.07270361785682983,-0.23803984699639635,0.00790285147981566,1.7889674972966996,-0.06330196347393202
-0.5660116161682923,-0.4010107791772899,1.1300235463163828,1.4040886198600246,0.1751554569318831,0.7495109338742361,-0.7648091137316723,-0.5070073149267279
-1.1949134119108396,-0.8283757303431405,0.800810568511173,-1.6630952584749807,-0.7220686315980951,-1.16994527938191,-0.608875749233396,-1.0394537366700831
0.6917919753168019,-1.225214613568573,0.4715975907059633,-0.07270361785682983,-0.23803984699639635,-0.2974651824472982,-0.36467821615119,0.7353676691411006
0.3773410774455283,-0.4925889829985436,-0.8452543205148757,1.290489216958728,-0.19081752654745013,0.37143622520257064,0.02368412561810153,-0.7732305257984056
1.949595566801896,-1.530475292972752,0.800810568511173,-0.07270361785682983,-0.23803984699639635,0.00790285147981566,-0.7147927515341119,0.3804033879788639
0.6917919753168019,-0.675745390641051,-0.02222187600185133,0.26809459084705967,0.5293228602989798,0.6477215892318653,-0.5353222754134545,1.8890015829183702
2.578497362544443,-1.011532137985648,-0.8452543205148757,-2.5718904816853527,1.3321023079310657,-0.8209532406080651,1.2358453741707387,0.912849809722219
0.6917919753168019,-0.98100607004523,-1.832893253930505,0.04089578504446668,-0.9581802338428262,-0.6609985561700532,-0.4411738289239293,-0.9507126663795239
-1.1949134119108396,-0.98100607004523,2.282268968634617,1.0632904111561352,-0.8637355929449338,1.476577681319746,1.5153485746865163,0.11418017710718635
1.320693771059349,0.8810840743202618,0.4715975907059633,0.26809459084705967,-0.23803984699639635,-0.12296916306037592,-0.18520774003053256,1.0015908800127782
2.578497362544443,0.45371912315441126,0.800810568511173,1.5176880227613212,2.123076175450915,0.8658416134655182,0.06487407095726885,2.1552247937900475
-0.5660116161682923,0.056880239928978574,-1.1744672983200855,-0.6407006323633123,1.532797169839087,-0.8064119056591552,3.2188470283563633,-0.7732305257984056
-0.8804625140395659,-0.5841671868197973,0.3069911018033584,-0.07270361785682983,-0.23803984699639635,0.6186389193340445,-0.9089739224187576,-0.6844894555078463
-0.5660116161682923,-1.1336364097473195,-1.1744672983200855,-0.4135018265607193,-1.5248480792301808,-0.7046225610167839,0.7651031417231127,-1.0394537366700831
-0.5660116161682923,-0.7673235944623047,-0.1868283649044562,2.5400826488729895,-1.0408192946284822,1.0548789678013504,0.5032527749241207,-0.7732305257984056
-0.5660116161682923,2.1937049957582313,-0.1868283649044562,7.879254585233925,-0.23803984699639635,0.21148154076455927,0.2031546017387588,2.5101890749522844
-0.8804625140395659,-1.1641624776877373,-0.3514348538070611,0.49529339664965266,-0.8047076923837511,0.6331802542829549,-0.30877757604803435,-0.8619715960889647
0.3773410774455283,0.14845844375023226,0.800810568511173,-0.07270361785682983,-0.23803984699639635,0.8513002785166078,1.3241095427546685,0.2916623176883047
0.06289017957425477,-0.0041718959518572225,0.6362040796085682,-0.07270361785682983,-0.23803984699639635,-0.13751049800928633,0.08841118257965017,-0.5957483852172871
-0.2515607182970188,-0.8894278662239763,-1.3390737872226903,0.49529339664965266,-0.3560956481187619,-1.2426519541264611,1.2888038753210964,0.4691444582694231
-0.2515607182970188,-0.370484711236872,-1.832893253930505,-2.231092272981463,-0.7102630514858586,-0.5446678765787715,0.3532036883314398,-0.7732305257984056
2.578497362544443,-0.12627616771352881,0.4715975907059633,-1.4358964526723879,-0.23803984699639635,-0.9809079250460775,-0.7265613073453026,2.5101890749522844
2.578497362544443,-0.5841671868197973,0.6362040796085682,-0.07270361785682983,-0.23803984699639635,-1.402606638564473,-1.0855022595866175,0.912849809722219
1.320693771059349,1.6442357728307093,-0.02222187600185133,1.4040886198600246,-0.17901194643521356,-0.07934515821364471,0.6268226109416223,0.20292124739774553
-0.8804625140395659,-0.7673235944623047,-0.516041342709666,-1.6630952584749807,-1.0526248747407188,-1.402606638564473,0.4708892464433464,-0.6844894555078463
0.3773410774455283,0.42319305521399336,0.6362040796085682,0.6088927995509491,0.1751554569318831,-0.2392998426516571,-0.42646313415994097,-0.7732305257984056
-0.8804625140395659,-0.0041718959518572225,-0.1868283649044562,-0.6407006323633123,-0.41512354867994467,-1.3008172939221017,-0.8383625875516139,-0.7732305257984056
2.8929482604157166,1.0031883460819335,3.434514390952851,-0.07270361785682983,-0.23803984699639635,1.3166229968817336,-0.7324455852508979,0.912849809722219
-0.5660116161682923,0.27056271551190386,-0.1868283649044562,-0.07270361785682983,-0.23803984699639635,-0.6319158862722329,0.10606401629643616,-0.9507126663795239
1.949595566801896,-0.09575009977311091,0.4715975907059633,0.15449518794576317,-0.23803984699639635,-0.8209532406080651,0.017799847712506197,1.0015908800127782
1.0062428731880755,0.7589798025585902,0.4715975907059633,-0.07270361785682983,-0.2262342668841598,0.2841882155091103,0.5473848592160854,1.8002605126278108
-0.2515607182970188,-0.06522403183269301,2.282268968634617,0.6088927995509491,1.1196018659108076,3.4978232392182633,1.1005069823420461,-1.0394537366700831
-0.2515607182970188,-0.8894278662239763,0.4715975907059633,1.0632904111561352,-0.23803984699639635,0.5895562494362236,-0.7883462253540535,0.5578855285599823
0.6917919753168019,-0.24838043947520042,1.9530559908294072,-0.07270361785682983,-0.23803984699639635,-0.6609985561700532,-1.0266594805306641,-0.3295251743456096
-0.2515607182970188,-0.0041718959518572225,-1.1744672983200855,-0.07270361785682983,-0.23803984699639635,-0.2392998426516571,-1.0443123142474502,-0.8619715960889647
-0.2515607182970188,0.08740630786939647,-0.02222187600185133,-0.5271012294620158,0.5293228602989798,-0.12296916306037592,0.12665898896601982,-0.5957483852172871
0.3773410774455283,0.36214091933315756,2.9406949242450366,-0.07270361785682983,-0.23803984699639635,2.2618097685608967,-0.8207097538348278,0.2916623176883047
0.06289017957425477,-0.0041718959518572225,-0.1868283649044562,-1.3222970497710913,-0.273456587333106,-0.6319158862722329,1.877231665880629,1.0015908800127782
0.6917919753168019,-0.3094325753560362,-1.0098608094174806,1.0632904111561352,-0.23803984699639635,0.06606819127545728,-0.7677512526844699,0.5578855285599823
1.0062428731880755,0.7589798025585902,-0.516041342709666,1.4040886198600246,2.323771037358936,0.21148154076455927,0.6238804719888247,0.7353676691411006
1.320693771059349,-0.7673235944623047,0.14238461290075355,1.1768898140574315,0.8244623631048937,0.894924283363338,0.45617855167935806,0.8241087394316599
-0.8804625140395659,1.7052879087115451,-0.6806478316122708,0.04089578504446668,0.4112670591766142,0.12423353107109787,-0.5235537196022638,0.3804033879788639
-0.8804625140395659,-0.5536411188793794,-1.832893253930505,-1.2086976468697948,-0.23803984699639635,-0.7191638959656937,-0.9560481456635204,-0.4182662446361688
-1.1949134119108396,-0.5536411188793794,-0.8452543205148757,0.04089578504446668,-0.8401244327204607,0.4877669047938529,0.7386238911479336,-0.7732305257984056
1.6351446689306226,-0.5841671868197973,-1.6682867650279,-0.07270361785682983,-0.23803984699639635,-0.2974651824472982,-0.3705624940567853,0.7353676691411006
-0.5660116161682923,-0.7978496624027226,-1.6682867650279,-1.6630952584749807,-0.6040128304757296,-1.257193289075371,0.38556721681221406,-1.1281948069606422
0.3773410774455283,0.42319305521399336,-0.6806478316122708,0.6088927995509491,-0.06095614531284801,-0.6755398911189631,-0.2793561865200579,-0.6844894555078463
-0.8804625140395659,0.08740630786939647,-1.9974997428331098,1.744886828563914,0.576545180747926,1.0548789678013504,0.3149558819450701,-0.8619715960889647
-0.8804625140395659,-0.8589017982835584,-0.3514348538070611,-0.9814988410672018,-0.23803984699639635,-0.8791185804037062,1.7330668571935437,-1.0394537366700831
1.0062428731880755,2.1326528598773957,-0.1868283649044562,0.38169399374835616,-0.001928244751665228,-1.1844866143308201,-1.009006646813878,1.8890015829183702
1.320693771059349,-0.7673235944623047,0.3069911018033584,-0.07270361785682983,-0.23803984699639635,0.7931349387209672,-0.9295688950883413,0.7353676691411006
0.6917919753168019,-0.6146932547602152,-0.1868283649044562,0.26809459084705967,-0.91095791339388,-0.3556305222429388,-1.1296343438785825,0.2916623176883047
-0.8804625140395659,0.5452973269756649,0.14238461290075355,-0.8678994381659053,-0.993596974179536,-1.0245319298928082,-0.7353877242036956,-1.1281948069606422
-0.8804625140395659,0.026354171988560677,-1.0098608094174806,-0.07270361785682983,-0.23803984699639635,-0.4574198668853101,-0.46176880159351297,1.1790730205938966
-1.1949134119108396,1.674761840771127,1.4592365241215925,-0.4135018265607193,-0.6512351509246758,0.47322556984494246,-0.5647436649414311,0.11418017710718635
-0.8804625140395659,-1.1031103418069015,-3.9727776096643685,-1.2086976468697948,-1.418597858220052,-0.7918705707102448,0.15608037849399647,-1.1281948069606422
-0.5660116161682923,0.08740630786939647,0.4715975907059633,0.8360916053535421,0.43487821940108734,1.4620363463708355,2.112602782104442,-0.2407841040550504
-0.2515607182970188,-0.7978496624027226,-0.8452543205148757,-1.2086976468697948,-0.8401244327204607,-1.6643506676448567,-0.6677185282893493,-0.6844894555078463
-0.2515607182970188,0.14845844375023226,0.4715975907059633,-0.7543000352646088,-0.7810965321592779,-0.7046225610167839,-0.5382644143662522,0.02543910681662716
0.6917919753168019,1.9800225201753061,1.6238430130241974,-0.07270361785682983,-0.23803984699639635,0.32781222035584046,-0.6706606672421469,2.8651533561145213
-0.5660116161682923,-1.225214613568573,-0.5983445871609684,-0.07270361785682983,-0.23803984699639635,0.9240069532611588,1.2476139299819295,-0.5957483852172871
-1.1949134119108396,0.36214091933315756,-2.6559256984435295,0.6088927995509491,0.26960009782977556,1.4329536764730157,5.2430386278811545,-0.06330196347393202
-0.8804625140395659,-1.4083710212110805,0.224687857352056,0.04089578504446668,-0.23803984699639635,-0.1811345028560165,-0.3234882708120227,-1.0394537366700831
1.0062428731880755,-0.675745390641051,-0.516041342709666,0.26809459084705967,-0.23803984699639635,0.8513002785166078,-0.4764794963575013,-0.2407841040550504
0.3773410774455283,-0.6452193227006331,0.14238461290075355,-0.07270361785682983,-0.23803984699639635,-0.6464572212211428,-1.0384280363418548,1.2678140908844557
-0.8804625140395659,-0.7367975265218868,-1.832893253930505,-1.6630952584749807,-1.28873647698545,-1.3153586288710122,0.05898979305167352,-0.6844894555078463
-0.8804625140395659,-1.6525795647344237,-1.9974997428331098,-1.3222970497710913,-0.8165132724959876,-1.8679293569295998,-0.5382644143662522,-1.0394537366700831
-1.1949134119108396,-0.7062714585814689,1.1300235463163828,-1.4358964526723879,-0.47415144924112745,-0.5737505464765917,0.5562112760744784,-0.5957483852172871
0.6917919753168019,1.766340044592381,1.7884495019268023,-0.07270361785682983,-0.23803984699639635,1.0985029726480806,2.8098897139174888,1.0015908800127782
0.3773410774455283,0.20951057963106806,0.6362040796085682,-0.07270361785682983,-0.23803984699639635,-0.9372839201993468,-0.941337450899532,3.131376566986199
0.06289017957425477,-0.06522403183269301,0.6362040796085682,-1.6630952584749807,0.364044738727668,-0.1811345028560165,-0.18520774003053256,0.02543910681662716
-1.1949134119108396,-0.7673235944623047,-0.1868283649044562,-0.4135018265607193,-1.123458355414138,-0.3556305222429388,0.26788165870030745,-1.1281948069606422
0.6917919753168019,1.2168708216648587,-0.3514348538070611,-0.4135018265607193,0.26960009782977556,0.051526856326546876,0.36791438309542807,1.3565551611750148
-0.5660116161682923,-1.1641624776877373,-0.02222187600185133,-0.7543000352646088,-0.23803984699639635,-0.6319158862722329,0.7856981143926963,-0.7732305257984056
2.2640464646731697,-1.225214613568573,0.14238461290075355,-0.07270361785682983,-0.23803984699639635,-0.4574198668853101,-0.6059336102805984,0.11418017710718635
0.06289017957425477,-0.4315368471177078,-0.02222187600185133,1.9720856343665072,0.7300177222070012,0.5604735795384038,2.600997848268854,1.9777426532089293
-0.2515607182970188,-1.2862667494494089,-1.1744672983200855,0.15449518794576317,-1.5012369190057078,0.15331620096891765,-0.5000166079798825,-0.7732305257984056
-0.5660116161682923,-0.09575009977311091,-1.6682867650279,1.5176880227613212,0.15154429670741,0.4296015649982123,0.9122100893629955,-0.5070073149267279
1.0062428731880755,1.6137097048902913,0.9654170574137779,-0.07270361785682983,-0.23803984699639635,0.967630958107889,-0.5147273027438708,0.6466265988505414
1.6351446689306226,0.27056271551190386,0.14238461290075355,0.38169399374835616,-1.0054025542917724,-1.0681559347395388,-0.13519137783297225,4.196269410472909
0.06289017957425477,-1.0725842738664837,1.2946300352189877,1.9720856343665072,-1.0762360349651918,0.6477215892318653,-0.4235209952071433,-0.4182662446361688
1.0062428731880755,0.514771259035247,-1.0098608094174806,0.38169399374835616,0.5293228602989798,-0.6464572212211428,0.5326741644520974,2.421448004661725
0.06289017957425477,-0.3399586432964541,-0.6806478316122708,-0.07270361785682983,-0.23803984699639635,-0.6319158862722329,-1.1178657880673917,-0.8619715960889647
0.06289017957425477,0.8810840743202618,-0.02222187600185133,-0.07270361785682983,-0.2262342668841598,-0.2829238474983878,-0.49413233007428714,0.2916623176883047
-1.1949134119108396,-0.21785437153478251,0.9654170574137779,1.9720856343665072,1.001546064788442,1.8255697200935905,0.13254326687161516,-0.2407841040550504
-1.1949134119108396,1.0947665499031871,-1.832893253930505,-0.07270361785682983,-0.23803984699639635,-1.6498093326959469,-0.7412720021092909,2.776412285823962
-0.5660116161682923,-0.7673235944623047,-1.5036802761252952,-0.18630302075812633,-0.47415144924112745,0.6622629241807746,-0.02339009762666112,-0.8619715960889647
-0.5660116161682923,-1.011532137985648,-0.8452543205148757,-0.18630302075812633,-0.23803984699639635,-0.2392998426516571,-1.106097232256201,-0.8619715960889647
1.0062428731880755,-0.4925889829985436,0.6362040796085682,0.15449518794576317,-0.23803984699639635,0.38597756015148105,1.827215303683069,0.8241087394316599
-0.2515607182970188,-0.4315368471177078,1.4592365241215925,-2.0038934671788704,-0.7929021122715144,-0.7046225610167839,-0.03221651448505412,-0.4182662446361688
1.320693771059349,-0.5536411188793794,0.6362040796085682,-0.07270361785682983,-0.23803984699639635,-1.257193289075371,1.0298956474749021,0.02543910681662716
0.3773410774455283,-1.1336364097473195,0.4715975907059633,0.04089578504446668,-0.23803984699639635,-0.8209532406080651,-0.7295034462981003,0.2916623176883047
-0.8804625140395659,-0.18732830359436461,1.1300235463163828,1.0632904111561352,0.8834902636660764,1.7964870501957708,0.8886729777406146,-0.4182662446361688
0.3773410774455283,0.5452973269756649,0.4715975907059633,-0.07270361785682983,-0.23803984699639635,1.7092390405023095,-0.9295688950883413,1.1790730205938966
-0.5660116161682923,-0.3094325753560362,-0.6806478316122708,-0.8678994381659053,-0.23803984699639635,-0.3556305222429388,-0.2499347969920812,-1.1281948069606422
-0.5660116161682923,0.056880239928978574,-2.1621062317357147,-0.9814988410672018,2.2411319765732802,0.16785753591782807,-0.9707588404275086,-1.0394537366700831
1.6351446689306226,0.8810840743202618,0.4715975907059633,0.04089578504446668,-0.5331793498023102,-0.34108918729402893,-1.0060645078610804,1.0015908800127782
-0.8804625140395659,1.7052879087115451,0.4715975907059633,1.4040886198600246,1.745297611859345,0.9821722930567994,2.212635506499563,-1.0394537366700831
-0.5660116161682923,-1.1641624776877373,-1.1744672983200855,-1.5494958555736842,-1.099847195189665,-0.07934515821364471,-1.0001802299554852,-0.7732305257984056
-0.2515607182970188,1.4916054331286197,-1.1744672983200855,-0.8678994381659053,0.576545180747926,-0.05026248831582493,0.25611310288911676,0.20292124739774553
0.3773410774455283,1.3084490254861123,-0.6806478316122708,-0.07270361785682983,-0.23803984699639635,-0.05026248831582493,-1.0913865374922127,0.6466265988505414
-0.5660116161682923,-1.1031103418069015,1.4592365241215925,0.04089578504446668,-0.23803984699639635,0.03698552137763647,-0.6294707219029797,0.7353676691411006
-0.5660116161682923,-0.5536411188793794,0.14238461290075355,0.04089578504446668,-0.5331793498023102,0.051526856326546876,-0.2999511591896414,-0.9507126663795239
0.3773410774455283,-0.12627616771352881,-0.02222187600185133,-0.7543000352646088,-0.3915123884554716,-1.0245319298928082,-0.7677512526844699,-0.3295251743456096
-1.1949134119108396,-0.9504800021048121,-0.02222187600185133,-0.07270361785682983,-0.23803984699639635,-0.13751049800928633,-0.7353877242036956,-0.7732305257984056
2.8929482604157166,0.026354171988560677,1.4592365241215925,-0.07270361785682983,-0.23803984699639635,1.476577681319746,0.22669171336114013,0.7353676691411006
-0.8804625140395659,-0.15680223565394671,0.6362040796085682,2.0856850372678037,0.6473786614213454,0.822217608618787,1.930190167030987,0.6466265988505414
-1.1949134119108396,-0.18732830359436461,-0.02222187600185133,-0.07270361785682983,-0.23803984699639635,-0.12296916306037592,-1.0737337037754269,-0.8619715960889647
-0.8804625140395659,-1.0725842738664837,-0.8452543205148757,-2.0038934671788704,-1.206097416199794,-0.8791185804037062,0.21786529650274714,-0.8619715960889647
1.6351446689306226,0.6063494628565007,1.2946300352189877,0.49529339664965266,0.2341833574930659,-0.4283371969874898,0.7798138364871009,1.7115194423372517
-1.1949134119108396,-0.6146932547602152,0.9654170574137779,-0.07270361785682983,-0.23803984699639635,-0.7773292357613348,0.691549667903171,2.5101890749522844
0.06289017957425477,-0.8589017982835584,-1.0098608094174806,-0.7543000352646088,-0.23803984699639635,-0.7337052309146042,-0.18520774003053256,-1.0394537366700831
1.0062428731880755,-0.3399586432964541,0.3069911018033584,-1.4358964526723879,-0.41512354867994467,-1.3735239686666527,-0.11753854411618626,-0.2407841040550504
-1.1949134119108396,-0.9504800021048121,-0.1868283649044562,-0.2999024236594228,-0.3560956481187619,1.4911190162686563,-0.4676530794991083,-1.1281948069606422
-1.1949134119108396,1.125292617843605,0.3069911018033584,2.9944802604781757,-0.5331793498023102,2.901628506312946,0.744508169053529,-0.7732305257984056
-0.5660116161682923,0.9116101422606797,0.14238461290075355,-1.4358964526723879,-0.5804016702512564,-0.9663665900971671,-0.2146291295585092,-0.5957483852172871
1.6351446689306226,0.6063494628565007,0.6362040796085682,1.8584862314652106,-0.17901194643521356,0.676804259129685,0.38556721681221406,0.5578855285599823
1.949595566801896,-0.0041718959518572225,-0.1868283649044562,-0.4135018265607193,-0.3560956481187619,-0.3120065173962081,-0.8854368107963765,0.6466265988505414
-0.8804625140395659,1.1863447537244407,0.800810568511173,1.5176880227613212,-0.9227634935061166,-0.06480382326473534,-0.4853059132158941,1.4452962314655742
0.06289017957425477,-0.3399586432964541,-0.5983445871609684,-0.07270361785682983,-0.23803984699639635,-1.6498093326959469,-0.2175712685113069,0.2916623176883047
-0.8804625140395659,-0.4315368471177078,-0.8452543205148757,-1.8902940642775738,0.43487821940108734,-1.3444412987688323,-1.0825601206338198,-0.9507126663795239
0.6917919753168019,1.2473968896052765,0.14238461290075355,-0.07270361785682983,-0.23803984699639635,-0.9663665900971671,-0.5941650544694078,2.8651533561145213
-0.5660116161682923,0.6368755307969186,-0.1868283649044562,0.9496910082548387,2.5362714793791943,-0.7627879008124244,-0.4970744690270848,-0.4182662446361688
-0.2515607182970188,-0.5231150509389615,-0.8452543205148757,-0.6407006323633123,-0.23803984699639635,-1.0536145997906285,-0.8324783096460185,-0.7732305257984056
0.3773410774455283,-0.9199539341643942,-0.02222187600185133,0.38169399374835616,-0.23803984699639635,0.6477215892318653,-0.399983883584762,-0.5957483852172871
-1.1949134119108396,-0.8589017982835584,-0.6806478316122708,0.7224922024522457,-0.5331793498023102,0.5168495746916726,0.2767080755587005,-0.7732305257984056
-0.8804625140395659,-0.18732830359436461,-2.32671272063832,1.9720856343665072,-0.9699858139550628,0.32781222035584046,-0.6647763893365516,-0.7732305257984056
-0.8804625140395659,-0.7978496624027226,-0.02222187600185133,0.04089578504446668,-1.5012369190057078,0.7785936037720569,-0.2764140475672602,-1.1281948069606422
-1.1949134119108396,-0.03469796389227512,-0.1868283649044562,-1.0950982439684982,-0.23803984699639635,-0.8500359105058859,-0.7412720021092909,0.20292124739774553
-1.1949134119108396,-0.24838043947520042,-0.516041342709666,0.15449518794576317,0.5057117000745067,-0.3556305222429388,-0.03810079239064945,-1.0394537366700831
0.6917919753168019,-0.7062714585814689,0.800810568511173,-0.07270361785682983,-0.23803984699639635,-0.3556305222429388,-0.958990284616318,0.20292124739774553
1.320693771059349,1.9189703842944703,0.4715975907059633,-0.07270361785682983,-0.23803984699639635,2.130937754020705,-1.0855022595866175,0.8241087394316599
1.0062428731880755,-0.7062714585814689,0.14238461290075355,1.1768898140574315,-0.47415144924112745,0.5750149144873142,-0.8883789497491742,1.0015908800127782
-0.2515607182970188,0.14845844375023226,-0.6806478316122708,-0.07270361785682983,-0.23803984699639635,-1.475313313309024,-0.5647436649414311,-1.0394537366700831
0.3773410774455283,-0.09575009977311091,1.1300235463163828,-0.07270361785682983,-0.23803984699639635,0.21148154076455927,-0.6353549998085751,-0.06330196347393202
2.2640464646731697,0.9116101422606797,0.3069911018033584,-0.18630302075812633,0.05709965580951755,0.00790285147981566,2.4921387070153407,1.5340373017561333
1.6351446689306226,-1.622053496794006,0.4715975907059633,-0.5271012294620158,-0.23803984699639635,-0.2392998426516571,-0.6647763893365516,0.3804033879788639
-0.2515607182970188,0.20951057963106806,0.6362040796085682,-0.07270361785682983,-0.23803984699639635,0.16785753591782807,-0.3058354370952367,0.912849809722219
1.0062428731880755,1.0337144140223513,-0.516041342709666,-0.07270361785682983,-0.23803984699639635,-0.41379586203857993,-0.36173607719839235,0.20292124739774553
-1.1949134119108396,0.7895058704990081,1.4592365241215925,1.8584862314652106,-0.23803984699639635,1.2875403269839139,-0.39704174463196434,-1.1281948069606422
-0.8804625140395659,0.14845844375023226,-0.1868283649044562,-1.8902940642775738,-0.47415144924112745,-1.0681559347395388,-0.09988571039940043,-1.0394537366700831
0.06289017957425477,-0.7978496624027226,0.3069911018033584,-1.6630952584749807,-1.1116527753019014,-1.460771978360114,-0.8324783096460185,-1.1281948069606422
-1.1949134119108396,-0.15680223565394671,0.14238461290075355,-1.3222970497710913,-0.9699858139550628,-0.3992545270896695,-0.6500656945725635,-0.6844894555078463
0.6917919753168019,-0.8894278662239763,-0.02222187600185133,-0.07270361785682983,-0.23803984699639635,-1.3880653036155632,-0.9295688950883413,-0.5070073149267279
1.320693771059349,1.8579182484136345,1.4592365241215925,0.6088927995509491,0.9425181642272592,0.18239887086673845,-0.2440505190864859,0.2916623176883047
-0.8804625140395659,-1.0725842738664837,-0.3514348538070611,-2.458291078784056,-0.23803984699639635,-1.2717346240242815,1.859578832163843,0.20292124739774553
1.949595566801896,1.3084490254861123,0.14238461290075355,-0.07270361785682983,-0.23803984699639635,0.6913455940785954,0.09135332153244784,0.02543910681662716
-0.5660116161682923,0.9726622781415155,0.14238461290075355,0.6088927995509491,3.480717888358119,0.894924283363338,-1.0943286764450104,-0.3295251743456096
1.949595566801896,-0.7367975265218868,1.1300235463163828,0.8360916053535421,-0.23803984699639635,1.7964870501957708,1.8536945542582477,0.3804033879788639
0.6917919753168019,-0.6452193227006331,0.14238461290075355,-1.3222970497710913,0.1279331364829369,-0.4865025367831309,0.6356490278000153,0.6466265988505414
0.06289017957425477,0.17898451169065016,-0.3514348538070611,-0.9814988410672018,0.24598893760530244,-0.021179818418004117,-1.0178330636722712,-0.5070073149267279
0.6917919753168019,0.5758233949160828,-0.02222187600185133,-0.2999024236594228,0.9779349045639689,0.09515086117327706,-0.7383298631564932,0.5578855285599823
-0.8804625140395659,-0.12627616771352881,0.4715975907059633,1.0632904111561352,-0.8401244327204607,0.8367589435676974,-0.7206770294397072,-0.5070073149267279
-1.1949134119108396,-0.7367975265218868,0.3069911018033584,-0.07270361785682983,-0.23803984699639635,0.3568948902536613,-0.90603178346596,-0.6844894555078463
-0.8804625140395659,-0.8589017982835584,-0.516041342709666,-1.6630952584749807,-0.06095614531284801,-1.460771978360114,-0.05575362610743544,-1.0394537366700831
-0.5660116161682923,0.9116101422606797,-1.6682867650279,-0.2999024236594228,4.661275899581774,0.7931349387209672,-0.7824619474484582,-0.7732305257984056
0.06289017957425477,0.11793237580981437,-1.0098608094174806,-2.0038934671788704,1.0133516449006785,-0.8354945755569755,0.06193193200447118,-0.2407841040550504
-0.5660116161682923,-1.530475292972752,-0.6806478316122708,-0.6407006323633123,-1.0644304548529553,-0.5155852066809512,-0.399983883584762,-0.06330196347393202
0.06289017957425477,2.1937049957582313,-0.1868283649044562,1.0632904111561352,7.069614242478032,0.5023082397427633,5.36366632494586,-0.2407841040550504
0.3773410774455283,-0.4010107791772899,-0.516041342709666,-0.07270361785682983,-0.23803984699639635,0.6622629241807746,-0.7206770294397072,0.6466265988505414
-0.2515607182970188,-0.4315368471177078,-1.3390737872226903,1.0632904111561352,-0.23803984699639635,-0.4574198668853101,0.15019610058840116,-0.3295251743456096
-1.1949134119108396,0.026354171988560677,0.9654170574137779,-0.07270361785682983,0.8244623631048937,-0.3701718571918492,0.04133695933488752,-0.8619715960889647
-1.1949134119108396,-0.12627616771352881,-0.516041342709666,0.04089578504446668,0.2341833574930659,0.15331620096891765,-0.8913210887019717,-0.06330196347393202
0.3773410774455283,-0.3399586432964541,0.14238461290075355,-0.07270361785682983,-0.23803984699639635,-1.213569284228641,0.700376084761564,2.0664837234994886
-0.5660116161682923,-1.0725842738664837,-1.0098608094174806,-0.07270361785682983,-0.23803984699639635,-1.4171479735133834,-0.9266267561355437,-0.7732305257984056
0.6917919753168019,-0.8283757303431405,-1.1744672983200855,0.38169399374835616,0.5293228602989798,0.10969219612218746,-0.2234555464169022,0.8241087394316599
-0.5660116161682923,-1.6525795647344237,-0.1868283649044562,-0.2999024236594228,-0.23803984699639635,-0.7627879008124244,0.23551813021953313,-1.0394537366700831
-0.5660116161682923,0.11793237580981437,0.14238461290075355,-0.4135018265607193,0.7064065619825282,-0.006638483469093712,0.25022882498352145,-0.7732305257984056
0.06289017957425477,0.27056271551190386,-0.02222187600185133,-0.07270361785682983,-0.23803984699639635,-1.3735239686666527,-0.6736028061949446,2.332706934371166
1.949595566801896,-0.3094325753560362,-0.02222187600185133,-0.07270361785682983,-0.23803984699639635,-0.13751049800928633,-0.7206770294397072,-0.3295251743456096
-0.8804625140395659,-1.1641624776877373,0.4715975907059633,-0.2999024236594228,-1.335958797434396,0.19694020581564886,-1.1914192618873334,-1.0394537366700831
0.6917919753168019,2.102126791936978,0.4715975907059633,-0.07270361785682983,-0.23803984699639635,-1.4171479735133834,-1.1090393712089988,2.243965864080607
1.949595566801896,1.0947665499031871,-0.3514348538070611,-0.7543000352646088,-0.15540078621074047,-1.1263212745351794,-0.5294379975078591,1.1790730205938966
0.3773410774455283,1.0031883460819335,0.9654170574137779,1.290489216958728,0.765434462543711,0.894924283363338,-0.32643040976482035,-0.4182662446361688
-0.2515607182970188,1.125292617843605,-1.6682867650279,0.9496910082548387,-0.23803984699639635,0.5750149144873142,0.42969930110417903,-0.8619715960889647
-0.2515607182970188,-1.255740681508991,-0.3514348538070611,0.04089578504446668,-0.4623458691288909,-0.19567583780492692,0.25022882498352145,-0.7732305257984056
-0.2515607182970188,-0.4010107791772899,0.14238461290075355,0.04089578504446668,-0.23803984699639635,-0.2392998426516571,-0.9089739224187576,-0.7732305257984056
0.6917919753168019,-0.5231150509389615,-2.32671272063832,-1.0950982439684982,-0.17901194643521356,-1.3444412987688323,0.9033836725046026,0.11418017710718635
-0.8804625140395659,-0.7673235944623047,-0.516041342709666,-0.07270361785682983,0.6001563409723991,-0.1811345028560165,-0.1822656010777349,0.7353676691411006
-1.1949134119108396,-0.0041718959518572225,1.9530559908294072,-0.07270361785682983,-0.23803984699639635,-1.5625613230024855,-0.7177348904869095,-1.1281948069606422
1.320693771059349,0.24003664757148596,-0.02222187600185133,-0.07270361785682983,-0.23803984699639635,-0.05026248831582493,-0.6941977788645283,0.4691444582694231
0.06289017957425477,-0.3094325753560362,-0.02222187600185133,-0.07270361785682983,-0.23803984699639635,-0.6319158862722329,-0.382331049867976,1.0903319503033373
-0.8804625140395659,1.2779229575456945,0.14238461290075355,-1.4358964526723879,-0.013733824863901784,-1.431689308462294,-0.1734391842193419,-0.06330196347393202
-0.5660116161682923,-0.4315368471177078,-1.0098608094174806,-0.07270361785682983,-0.23803984699639635,-1.0245319298928082,-0.4794216353102988,-0.9507126663795239
0.3773410774455283,-0.3094325753560362,0.3069911018033584,-0.07270361785682983,-0.23803984699639635,-0.2974651824472982,-0.4794216353102988,0.912849809722219
-0.5660116161682923,-0.9199539341643942,-1.5036802761252952,-1.7766946613762773,-0.674846311149149,-1.039073264841718,0.7121446405727546,-1.0394537366700831
0.6917919753168019,-0.6146932547602152,0.6362040796085682,-0.18630302075812633,-0.23803984699639635,-0.10842782811146552,1.094622704436451,-0.6844894555078463
2.8929482604157166,0.8505580063798439,1.2946300352189877,0.8360916053535421,-0.06095614531284801,1.069420302750261,1.965495834464559,0.4691444582694231
0.06289017957425477,1.9494964522348883,3.1053014131476413,0.15449518794576317,-0.23803984699639635,-0.6900812260678735,0.5120791917825137,0.2916623176883047
-1.1949134119108396,0.08740630786939647,-0.3514348538070611,-1.2086976468697948,0.4112670591766142,-0.3992545270896695,2.603939987221652,-0.7732305257984056
-0.2515607182970188,1.461079365188202,0.800810568511173,2.0856850372678037,3.775857391164033,0.7495109338742361,4.798775646008708,-0.7732305257984056
1.320693771059349,0.5452973269756649,-0.516041342709666,-0.07270361785682983,-0.23803984699639635,0.24056421066237904,-1.1090393712089988,0.6466265988505414
0.6917919753168019,0.11793237580981437,1.4592365241215925,-2.5718904816853527,2.134881755563151,-1.984260036520881,0.22374957440834248,2.332706934371166
0.6917919753168019,-1.011532137985648,1.6238430130241974,-0.07270361785682983,-0.23803984699639635,-1.9406360316741509,-0.9354531729939367,-0.5070073149267279
0.06289017957425477,-0.8894278662239763,-1.3390737872226903,-1.4358964526723879,-1.1352639355263745,-1.8097640171339586,-0.4882480521686918,-0.6844894555078463
1.6351446689306226,-0.03469796389227512,-0.1868283649044562,0.38169399374835616,3.03210584409313,0.31327088540693004,-0.6588921114309564,0.02543910681662716
0.6917919753168019,-0.0041718959518572225,0.4715975907059633,0.15449518794576317,-0.23803984699639635,-0.8209532406080651,0.17373321221078214,1.3565551611750148
1.320693771059349,-0.7978496624027226,0.9654170574137779,-0.07270361785682983,-0.23803984699639635,0.31327088540693004,-0.347025382434404,1.4452962314655742
-0.5660116161682923,-0.15680223565394671,-1.5036802761252952,-0.07270361785682983,-0.23803984699639635,-0.9372839201993468,-0.1499020725969606,-0.5957483852172871
1.0062428731880755,-0.8589017982835584,0.3069911018033584,0.26809459084705967,-0.6394295708124392,1.113044307596991,1.0740277317668672,-0.15204303376449121
-0.8804625140395659,-0.370484711236872,-0.6806478316122708,0.6088927995509491,-0.23803984699639635,0.051526856326546876,0.10900615524923384,-1.1281948069606422
1.6351446689306226,0.9421362102010976,1.1300235463163828,-0.18630302075812633,0.11612755637070032,0.15331620096891765,2.0096279187565242,0.7353676691411006
-0.8804625140395659,-3.8199303885040945,0.14238461290075355,-1.0950982439684982,-1.442209018444525,-0.8064119056591552,-0.608875749233396,-1.1281948069606422
-0.8804625140395659,-0.09575009977311091,-0.6806478316122708,0.26809459084705967,0.1279331364829369,0.26964688056019986,0.5473848592160854,-0.3295251743456096
-0.8804625140395659,-0.5841671868197973,-0.1868283649044562,-0.18630302075812633,-0.11998404587403079,0.13877486602000827,-1.0707915648226292,-1.0394537366700831
-0.8804625140395659,-0.03469796389227512,0.14238461290075355,0.7224922024522457,-0.23803984699639635,-0.7918705707102448,-1.194361400840131,-0.3295251743456096
0.3773410774455283,1.0031883460819335,-0.1868283649044562,-0.07270361785682983,-0.23803984699639635,-0.5010438717320408,-0.8795525328907812,2.5989301452428437
1.949595566801896,-0.9504800021048121,-0.02222187600185133,-1.3222970497710913,-0.23803984699639635,-1.475313313309024,0.26199738079471213,1.9777426532089293
1.6351446689306226,-0.06522403183269301,-0.1868283649044562,1.6312874256626175,-0.6040128304757296,-0.021179818418004117,-0.3882153277735713,0.5578855285599823
-1.1949134119108396,-0.6452193227006331,-0.6806478316122708,0.8360916053535421,-0.9581802338428262,0.051526856326546876,0.011915569806910865,-1.0394537366700831
-0.8804625140395659,0.6368755307969186,-1.3390737872226903,-0.07270361785682983,-0.23803984699639635,-0.5155852066809512,0.17079107325798448,-0.4182662446361688
-0.5660116161682923,-0.98100607004523,-0.6806478316122708,0.26809459084705967,0.1751554569318831,0.6913455940785954,0.4944263580657277,-0.9507126663795239
0.6917919753168019,-1.3778449532706627,0.6362040796085682,0.7224922024522457,-0.23803984699639635,0.9530896231589786,-0.967816701474711,-0.5070073149267279
-0.5660116161682923,-0.4010107791772899,0.224687857352056,0.26809459084705967,-0.23803984699639635,0.3568948902536613,-1.053138731105843,-1.1281948069606422
-0.2515607182970188,-0.09575009977311091,0.4715975907059633,-0.07270361785682983,-0.23803984699639635,-1.4898546482579345,-0.7412720021092909,0.5578855285599823
0.06289017957425477,0.48424519109482916,0.14238461290075355,-0.07270361785682983,-0.23803984699639635,-0.8209532406080651,-0.7706933916372676,0.5578855285599823
-0.5660116161682923,0.48424519109482916,-1.1744672983200855,0.49529339664965266,-0.20262310665968666,-1.14086260948409,0.567979831885669,-0.8619715960889647
-1.1949134119108396,1.9189703842944703,0.800810568511173,-1.7766946613762773,0.470294959737797,-0.1811345028560165,0.517963469688109,-1.0394537366700831
0.6917919753168019,0.27056271551190386,-0.1868283649044562,-0.7543000352646088,-0.17901194643521356,0.31327088540693004,0.10606401629643616,-0.4182662446361688
0.6917919753168019,-0.5536411188793794,1.2946300352189877,-0.07270361785682983,-0.23803984699639635,0.5168495746916726,0.6503597225640037,-0.2407841040550504
-1.1949134119108396,0.11793237580981437,0.6362040796085682,-0.07270361785682983,-0.23803984699639635,-0.2974651824472982,0.5797483876968597,-0.4182662446361688
2.8929482604157166,0.820031938439426,1.4592365241215925,0.38169399374835616,-1.3713755377711057,-0.9372839201993468,0.6621282783751943,0.8241087394316599
-1.1949134119108396,-0.4925889829985436,1.2946300352189877,0.04089578504446668,-0.23803984699639635,-0.10842782811146552,1.0269535085221044,0.3804033879788639
-1.1949134119108396,-1.56100136091317,-1.6682867650279,-2.231092272981463,-1.28873647698545,-0.7918705707102448,-0.6971399178173259,-1.0394537366700831
-0.8804625140395659,0.33161485139273966,0.14238461290075355,2.3128838430703964,0.6946009818702915,0.6040975843851341,-0.31466185395362967,-0.8619715960889647
-0.5660116161682923,-0.09575009977311091,-0.1868283649044562,-0.2999024236594228,-0.23803984699639635,0.5168495746916726,-0.4882480521686918,-0.5957483852172871
0.06289017957425477,0.514771259035247,1.1300235463163828,-0.07270361785682983,-0.23803984699639635,1.5638256910132073,0.4091043284345954,-1.0394537366700831
0.3773410774455283,0.6674015987373365,0.4715975907059633,-0.07270361785682983,-0.23803984699639635,0.06606819127545728,-0.8471890044100069,2.776412285823962
2.8929482604157166,0.11793237580981437,-0.02222187600185133,0.04089578504446668,-0.23803984699639635,0.967630958107889,0.18550176802197282,0.912849809722219
0.06289017957425477,-0.24838043947520042,-0.6806478316122708,-0.2999024236594228,-0.29706774755757914,-0.006638483469093712,-0.8118833369764349,-0.8619715960889647
-1.1949134119108396,-0.0041718959518572225,-0.3514348538070611,-0.07270361785682983,-0.23803984699639635,-1.2426519541264611,-0.8824946718435789,-1.1281948069606422
0.06289017957425477,0.9421362102010976,0.224687857352056,-0.07270361785682983,-0.23803984699639635,2.1891030938163456,-0.7883462253540535,-0.15204303376449121
2.2640464646731697,-0.4315368471177078,0.9654170574137779,1.1768898140574315,-0.23803984699639635,1.9709830695826924,1.2329032352179412,1.0015908800127782
-0.5660116161682923,0.42319305521399336,0.224687857352056,-0.07270361785682983,-0.23803984699639635,-1.111779939586269,-0.9972380910026875,-0.4182662446361688
1.320693771059349,-0.4620629150581257,0.3069911018033584,-0.07270361785682983,-0.23803984699639635,-0.7918705707102448,-0.7912883643068512,2.1552247937900475
0.3773410774455283,1.2473968896052765,-0.02222187600185133,-1.2086976468697948,0.3522391586154314,-1.0826972696884487,0.2384602691723308,1.5340373017561333
-0.8804625140395659,0.45371912315441126,0.14238461290075355,-0.4135018265607193,0.4112670591766142,-1.329899963819922,0.9475157567965675,-0.9507126663795239
-0.5660116161682923,-0.7062714585814689,1.1300235463163828,0.7224922024522457,-0.29706774755757914,1.7819457152468603,-1.1149236491145942,-0.9507126663795239
-0.5660116161682923,0.6368755307969186,-0.02222187600185133,-0.07270361785682983,-0.23803984699639635,-0.8354945755569755,-0.7824619474484582,-0.5070073149267279
-0.5660116161682923,0.11793237580981437,0.9654170574137779,-0.07270361785682983,-0.23803984699639635,-0.7627879008124244,-0.6530078335253611,-0.5957483852172871
-0.8804625140395659,0.14845844375023226,-1.0098608094174806,-0.7543000352646088,0.2932112580542487,-0.6755398911189631,0.5473848592160854,-1.1281948069606422
0.3773410774455283,-0.675745390641051,2.9406949242450366,0.8360916053535421,-0.23803984699639635,0.8658416134655182,-0.5912229155166101,2.776412285823962
0.3773410774455283,0.33161485139273966,0.800810568511173,-0.07270361785682983,-0.23803984699639635,-0.13751049800928633,0.3943936336706071,3.131376566986199
0.06289017957425477,-1.0420582059260657,-0.1868283649044562,0.26809459084705967,-0.674846311149149,-0.021179818418004117,-0.17638132317213956,-1.0394537366700831
-0.5660116161682923,-0.24838043947520042,1.4592365241215925,-1.2086976468697948,-0.8755411730571704,-1.16994527938191,-0.5676858038942287,-1.1281948069606422
-0.5660116161682923,-0.7367975265218868,-1.1744672983200855,0.6088927995509491,-0.6512351509246758,-1.6643506676448567,-1.0325437584362596,-1.0394537366700831
-0.8804625140395659,-0.5231150509389615,-1.0098608094174806,1.8584862314652106,0.38765589895214114,0.32781222035584046,-0.2675876307088672,-0.8619715960889647
1.949595566801896,-1.011532137985648,-0.8452543205148757,-0.07270361785682983,-0.23803984699639635,-1.0681559347395388,-0.9972380910026875,-0.2407841040550504
1.949595566801896,0.24003664757148596,-0.3514348538070611,-0.07270361785682983,-0.23803984699639635,-0.9082012503015264,-0.7677512526844699,0.20292124739774553
0.6917919753168019,-1.1641624776877373,0.6362040796085682,-0.07270361785682983,-0.23803984699639635,-1.460771978360114,-1.2414356240848936,-0.15204303376449121
1.6351446689306226,0.9421362102010976,1.1300235463163828,-0.07270361785682983,-0.23803984699639635,-1.2281106191775508,-0.8118833369764349,1.7115194423372517
-0.8804625140395659,0.026354171988560677,-1.3390737872226903,-0.07270361785682983,0.08071081603399066,-0.6609985561700532,0.868078005071031,-1.1281948069606422
2.2640464646731697,0.39266698727357546,0.14238461290075355,-0.4135018265607193,-0.013733824863901784,0.41506023004930187,0.15019610058840116,1.4452962314655742
-0.8804625140395659,-0.98100607004523,-1.3390737872226903,-2.117492870080167,-0.23803984699639635,-1.5625613230024855,-0.2617033528032719,-1.0394537366700831
-0.5660116161682923,-1.7441577685556775,-0.1868283649044562,0.26809459084705967,-0.9345690736183532,-1.1990279492797304,-0.9383953119467343,-0.7732305257984056
0.06289017957425477,0.6368755307969186,0.4715975907059633,-0.07270361785682983,-0.23803984699639635,0.7640522688231465,0.04133695933488752,2.95389442640508
-0.2515607182970188,-1.1641624776877373,-1.0098608094174806,-1.3222970497710913,-0.23803984699639635,-1.6643506676448567,-0.1822656010777349,-1.1281948069606422
-1.1949134119108396,-0.98100607004523,-1.0098608094174806,-0.5271012294620158,-0.6276239907002027,-0.6609985561700532,0.07664262676845951,-1.0394537366700831
0.06289017957425477,0.11793237580981437,1.1300235463163828,-1.0950982439684982,1.4737692692779043,0.26964688056019986,-0.8089411980236372,-0.9507126663795239
0.06289017957425477,-0.4010107791772899,0.4715975907059633,1.1768898140574315,-0.23803984699639635,0.894924283363338,-0.7942305032596488,0.3804033879788639
-0.5660116161682923,-0.5231150509389615,-0.8452543205148757,0.26809459084705967,-1.0526248747407188,-1.16994527938191,-1.1119815101617965,-1.1281948069606422
-0.5660116161682923,-0.5231150509389615,0.6362040796085682,-0.07270361785682983,-0.23803984699639635,-0.9082012503015264,-0.7265613073453026,1.6227783720466924
0.6917919753168019,-0.3399586432964541,-0.02222187600185133,-0.07270361785682983,-0.23803984699639635,-0.13751049800928633,-0.932511034041139,-0.6844894555078463
1.0062428731880755,0.11793237580981437,-0.3514348538070611,2.1992844401691003,-0.23803984699639635,0.7640522688231465,-0.19697629584172324,0.8241087394316599
-1.1949134119108396,-0.6146932547602152,1.4592365241215925,-0.07270361785682983,-0.23803984699639635,-0.5301265416298611,-0.9089739224187576,1.0903319503033373
-0.5660116161682923,1.4916054331286197,1.2946300352189877,0.8360916053535421,-0.29706774755757914,1.6365323657577584,0.4120464673873931,-0.8619715960889647
-1.1949134119108396,0.6674015987373365,1.0477203018650805,2.7672814546755826,-0.23803984699639635,1.3893296716262846,-0.38527318882077366,-0.8619715960889647
0.06289017957425477,0.7895058704990081,1.4592365241215925,0.9496910082548387,-0.23803984699639635,-0.5155852066809512,-0.6235864439973844,0.20292124739774553
1.0062428731880755,0.24003664757148596,0.9654170574137779,-0.07270361785682983,-0.23803984699639635,1.0112549629546201,0.559153415027276,0.2916623176883047
-0.8804625140395659,-0.3094325753560362,-0.1868283649044562,0.04089578504446668,-0.5804016702512564,0.19694020581564886,0.06781620991006651,-0.15204303376449121
0.06289017957425477,-0.4620629150581257,-0.516041342709666,-0.07270361785682983,-0.23803984699639635,-0.19567583780492692,-0.10282784935219809,-0.4182662446361688
-0.2515607182970188,1.0031883460819335,0.3069911018033584,0.7224922024522457,1.1786297664719902,-0.2392998426516571,1.0151849527109138,-0.5070073149267279
-1.1949134119108396,1.674761840771127,-0.516041342709666,1.0632904111561352,-0.23803984699639635,1.2729989920350033,4.080893741526079,-0.7732305257984056
-0.8804625140395659,-1.0725842738664837,-0.8452543205148757,-1.3222970497710913,-1.017208134404009,-1.1844866143308201,2.2420568960275395,-0.7732305257984056
-0.8804625140395659,-0.9199539341643942,0.14238461290075355,-0.9814988410672018,-0.8519300128326972,-1.0681559347395388,0.49148421911293005,0.20292124739774553
-0.8804625140395659,-1.316792817389827,-0.6806478316122708,-1.8902940642775738,-0.592207250363493,-1.751598677338318,-0.2675876307088672,-0.9507126663795239
-1.1949134119108396,1.6442357728307093,1.4592365241215925,-0.2999024236594228,-0.23803984699639635,1.5783670259621179,0.5297320254992997,-0.9507126663795239
-0.8804625140395659,-3.8199303885040945,-0.3514348538070611,0.6088927995509491,-0.23803984699639635,-0.1811345028560165,-0.34408324348160635,-1.0394537366700831
-0.8804625140395659,-0.4315368471177078,1.1300235463163828,-1.2086976468697948,-0.23803984699639635,-0.4574198668853101,-1.0678494258698314,-0.9507126663795239
2.8929482604157166,-0.5841671868197973,-0.1868283649044562,-0.07270361785682983,-0.23803984699639635,0.13877486602000827,-0.7500984189676839,1.6227783720466924
1.320693771059349,2.1631789278178135,0.3069911018033584,-0.07270361785682983,1.5918250704002699,0.6186389193340445,0.29141877032268876,2.0664837234994886
-0.5660116161682923,-0.3399586432964541,-0.3514348538070611,-0.8678994381659053,-0.23803984699639635,-0.6609985561700532,-1.2178985124625124,-0.7732305257984056
-1.1949134119108396,-0.7367975265218868,-0.6806478316122708,-1.4358964526723879,-0.23803984699639635,-1.7806813472361385,-0.7471562800148862,-1.1281948069606422
2.8929482604157166,0.6063494628565007,0.800810568511173,-1.2086976468697948,-0.41512354867994467,-1.6061853278492162,-0.7677512526844699,2.0664837234994886
-0.8804625140395659,-1.3778449532706627,0.14238461290075355,-2.117492870080167,-1.0054025542917724,-0.4719612018342205,0.06193193200447118,-1.0394537366700831
-1.1949134119108396,-0.18732830359436461,-0.516041342709666,-0.2999024236594228,-0.23803984699639635,0.8076762736698766,-0.7265613073453026,-1.0394537366700831
-0.5660116161682923,0.5758233949160828,-1.1744672983200855,0.38169399374835616,-0.11998404587403079,-0.2392998426516571,-0.24699265803928355,-0.7732305257984056
-0.5660116161682923,-0.7978496624027226,-0.1868283649044562,-1.5494958555736842,-1.1942918360875574,-1.8679293569295998,-0.7971726422124465,-0.5957483852172871
-0.8804625140395659,0.08740630786939647,0.800810568511173,-1.4358964526723879,0.4466837995133239,-0.8354945755569755,-1.150229316548166,-1.0394537366700831
0.06289017957425477,-0.4620629150581257,0.3069911018033584,-1.0950982439684982,-0.5331793498023102,-0.7046225610167839,-1.1414028996897732,-0.5957483852172871
0.06289017957425477,0.33161485139273966,-0.1868283649044562,-0.07270361785682983,-0.23803984699639635,-0.2974651824472982,1.9890329460869403,-1.0394537366700831
0.6917919753168019,-0.3399586432964541,1.2946300352189877,-0.07270361785682983,-0.23803984699639635,-0.7918705707102448,-0.7618669747788746,2.8651533561145213
-1.1949134119108396,0.39266698727357546,-1.0098608094174806,0.6088927995509491,0.257794517717539,0.19694020581564886,0.08252690467405484,-1.1281948069606422
1.320693771059349,-0.9199539341643942,-0.02222187600185133,-0.07270361785682983,-0.23803984699639635,0.5168495746916726,-0.06163790401303078,2.0664837234994886
-0.8804625140395659,-0.8894278662239763,-0.6806478316122708,-0.2999024236594228,-0.6866518912613855,-0.006638483469093712,-0.6382971387613727,-1.1281948069606422
-1.1949134119108396,0.39266698727357546,-0.02222187600185133,-0.07270361785682983,-0.23803984699639635,0.44414289994712164,1.2564403468403225,-0.7732305257984056
0.06289017957425477,-0.15680223565394671,-0.3514348538070611,-0.07270361785682983,-0.23803984699639635,-0.5301265416298611,0.5974012214136457,0.02543910681662716
-0.2515607182970188,1.0031883460819335,-0.6806478316122708,-1.8902940642775738,2.8550221424095814,-0.2974651824472982,-0.6206443050445868,-0.8619715960889647
0.3773410774455283,-0.2789065074156183,0.14238461290075355,-0.07270361785682983,-0.23803984699639635,-1.111779939586269,-0.897205366607567,-0.3295251743456096
-0.8804625140395659,-1.6525795647344237,-0.8452543205148757,-0.07270361785682983,-0.23803984699639635,-1.6643506676448567,-0.26464549175606955,-0.6844894555078463
-0.8804625140395659,-1.225214613568573,-0.516041342709666,-0.07270361785682983,-0.23803984699639635,-0.9663665900971671,-0.45588452368791765,-0.2407841040550504
-1.1949134119108396,0.6368755307969186,-0.1868283649044562,-0.07270361785682983,-0.23803984699639635,0.676804259129685,-0.5059008858854778,-0.5070073149267279
-0.2515607182970188,-1.9578402441386027,0.800810568511173,-0.18630302075812633,-0.23803984699639635,0.16785753591782807,-0.7736355305900652,1.0903319503033373
-0.8804625140395659,0.42319305521399336,-2.1621062317357147,-1.2086976468697948,-0.7338742117103317,-0.6609985561700532,0.4355835790097744,-1.0394537366700831
0.6917919753168019,0.36214091933315756,-0.9275575649661781,-0.07270361785682983,-0.23803984699639635,-1.3153586288710122,-1.0443123142474502,1.8890015829183702
0.06289017957425477,-0.4620629150581257,1.6238430130241974,-0.07270361785682983,-0.23803984699639635,0.6331802542829549,-0.9266267561355437,-0.3295251743456096
0.06289017957425477,-0.675745390641051,-1.0098608094174806,0.38169399374835616,0.5529340205234529,-1.3444412987688323,1.353530932282645,-0.06330196347393202
0.6917919753168019,0.8810840743202618,0.14238461290075355,0.26809459084705967,0.5647396006356894,-0.5737505464765917,0.9798792852773419,0.4691444582694231
1.320693771059349,1.766340044592381,-0.6806478316122708,-0.07270361785682983,-0.23803984699639635,-1.4462306434112038,0.4885420801601324,-0.15204303376449121
-0.8804625140395659,-0.4925889829985436,-2.820532187346134,-1.3222970497710913,-0.29706774755757914,-1.475313313309024,-0.2911247423312485,-0.6844894555078463
1.6351446689306226,-0.15680223565394671,-0.02222187600185133,-0.8678994381659053,-1.0526248747407188,-1.8097640171339586,0.6680125562807897,1.2678140908844557
0.6917919753168019,-1.011532137985648,-0.8452543205148757,0.26809459084705967,-0.2262342668841598,-0.1811345028560165,-1.238493485132096,1.0903319503033373
-0.8804625140395659,1.461079365188202,0.14238461290075355,-0.07270361785682983,-0.23803984699639635,0.5168495746916726,-1.229667068273703,0.3804033879788639
0.3773410774455283,-0.8894278662239763,0.14238461290075355,-1.3222970497710913,-0.9227634935061166,0.051526856326546876,1.4447372398193727,0.8241087394316599
1.0062428731880755,-0.9504800021048121,-0.6806478316122708,-0.5271012294620158,-0.7810965321592779,0.00790285147981566,0.6827232510447779,0.6466265988505414
-1.1949134119108396,0.20951057963106806,0.4715975907059633,-0.07270361785682983,-0.23803984699639635,-0.12296916306037592,-0.33231468767041566,-1.1281948069606422
-0.2515607182970188,-0.5536411188793794,-0.8452543205148757,-1.8902940642775738,-1.147069515638611,-1.5043959832068448,0.5061949138769184,-0.9507126663795239
1.320693771059349,1.2779229575456945,2.7760884353424315,1.8584862314652106,1.0133516449006785,0.6331802542829549,-1.0031223689082829,0.8241087394316599
-0.5660116161682923,-1.3473188853302447,-0.02222187600185133,-1.6630952584749807,-0.8165132724959876,-0.4574198668853101,0.12077471106042449,-0.7732305257984056
1.6351446689306226,-1.0420582059260657,-0.3514348538070611,-0.07270361785682983,-0.23803984699639635,-1.3153586288710122,-0.9001475055603647,2.1552247937900475
1.949595566801896,0.6979276666777544,0.9654170574137779,2.0856850372678037,1.084185125574098,0.6331802542829549,1.4565057956305631,1.5340373017561333
-0.5660116161682923,-1.011532137985648,0.3069911018033584,-1.0950982439684982,-0.23803984699639635,-1.3153586288710122,3.5071766457305342,-0.5070073149267279
0.06289017957425477,-0.9199539341643942,-0.6806478316122708,-0.07270361785682983,-0.23803984699639635,-0.1811345028560165,-1.0148909247194735,-0.2407841040550504
-1.1949134119108396,-0.6452193227006331,-0.6806478316122708,-0.7543000352646088,-0.34429006800652534,-0.7918705707102448,-0.15284421154975825,-0.9507126663795239
1.320693771059349,-1.225214613568573,-1.4213770316739929,-1.0950982439684982,-0.23803984699639635,-1.2862759589731918,-1.0884443985394152,0.7353676691411006
1.0062428731880755,0.514771259035247,1.4592365241215925,-0.6407006323633123,3.952941092847581,-0.41379586203857993,-1.1119815101617965,0.8241087394316599
-1.1949134119108396,-0.7062714585814689,-0.6806478316122708,1.8584862314652106,-0.7929021122715144,1.069420302750261,-0.029274375532256453,-1.1281948069606422
-0.8804625140395659,-0.03469796389227512,-1.0098608094174806,0.26809459084705967,-0.23803984699639635,0.37143622520257064,0.02368412561810153,-1.1281948069606422
-0.2515607182970188,0.026354171988560677,1.2946300352189877,1.290489216958728,1.060573965349625,0.8803829484144277,0.5826905266496574,-0.5957483852172871
-0.5660116161682923,2.1937049957582313,-0.1868283649044562,1.744886828563914,4.696692639918484,-0.3992545270896695,-1.0237173415778664,1.7115194423372517
-1.1949134119108396,-0.03469796389227512,-1.3390737872226903,-1.8902940642775738,-0.47415144924112745,-1.6643506676448567,-0.1587284894553536,-1.1281948069606422
0.06289017957425477,1.0031883460819335,0.4715975907059633,-0.07270361785682983,-0.23803984699639635,-0.05026248831582493,0.8739622829766263,-0.2407841040550504
0.3773410774455283,-3.8199303885040945,0.6362040796085682,0.26809459084705967,-0.23803984699639635,1.1275856425459014,-0.470595218451906,0.2916623176883047
1.0062428731880755,1.7052879087115451,0.9654170574137779,-0.9814988410672018,0.5529340205234529,0.38597756015148105,0.23551813021953313,1.5340373017561333
-0.8804625140395659,0.5452973269756649,1.1300235463163828,0.04089578504446668,2.1821040760120978,-0.4574198668853101,1.1358126497756182,-0.9507126663795239
-0.8804625140395659,-1.3473188853302447,-0.02222187600185133,-1.3222970497710913,-1.2415141565365035,-0.9663665900971671,-0.6559499724781588,-0.8619715960889647
1.6351446689306226,1.369501161366948,0.14238461290075355,0.15449518794576317,-0.23803984699639635,1.5638256910132073,-0.30289329814243904,0.8241087394316599
0.3773410774455283,-1.4694231570919163,0.800810568511173,1.290489216958728,-1.2179029963120305,0.37143622520257064,-1.0296016194834618,0.11418017710718635
-0.2515607182970188,-1.316792817389827,-0.1868283649044562,-0.07270361785682983,-0.23803984699639635,-1.766140012287228,-0.34408324348160635,-0.7732305257984056
3.20739915828699,1.5221315010690377,-0.8452543205148757,0.04089578504446668,-0.23803984699639635,0.051526856326546876,-0.8648418381267928,0.3804033879788639
-0.5660116161682923,-1.0725842738664837,0.6362040796085682,-1.7766946613762773,-1.0644304548529553,-1.2862759589731918,-0.7559826968732792,-0.8619715960889647
2.578497362544443,-1.1336364097473195,0.14238461290075355,1.1768898140574315,-1.0762360349651918,0.29872955045801963,-0.3764467719623807,1.2678140908844557
-0.8804625140395659,0.9726622781415155,-0.02222187600185133,-0.9814988410672018,0.26960009782977556,-1.111779939586269,-1.1266922049257848,-0.8619715960889647
1.949595566801896,1.6442357728307093,-0.1868283649044562,-0.07270361785682983,-0.23803984699639635,0.26964688056019986,-0.9001475055603647,0.2916623176883047
-0.5660116161682923,-0.6146932547602152,-1.1744672983200855,1.1768898140574315,-0.6040128304757296,0.24056421066237904,-0.8265940317404232,-0.7732305257984056
1.320693771059349,-1.56100136091317,-0.1868283649044562,1.1768898140574315,-1.1352639355263745,0.29872955045801963,0.585632665602455,0.4691444582694231
-0.2515607182970188,0.6979276666777544,-0.516041342709666,-0.5271012294620158,-0.23803984699639635,-0.10842782811146552,-0.7353877242036956,-1.0394537366700831
0.06289017957425477,0.08740630786939647,-0.1868283649044562,-0.07270361785682983,-0.23803984699639635,0.15331620096891765,-0.5971071934222054,-0.8619715960889647
0.06289017957425477,1.461079365188202,-0.1868283649044562,-1.7766946613762773,0.26960009782977556,-0.5155852066809512,-0.42646313415994097,-0.06330196347393202
-0.5660116161682923,-0.4010107791772899,0.4715975907059633,2.3128838430703964,-0.06095614531284801,0.894924283363338,-0.9737009793803063,-0.8619715960889647
0.3773410774455283,0.08740630786939647,0.6362040796085682,-0.07270361785682983,-0.23803984699639635,0.19694020581564886,-1.0649072869170337,1.0015908800127782
1.320693771059349,1.5526575690094555,1.4592365241215925,0.49529339664965266,1.827936672645001,0.06606819127545728,-0.11459640516338859,2.1552247937900475
-0.2515607182970188,1.369501161366948,-0.6806478316122708,0.8360916053535421,0.9425181642272592,0.18239887086673845,-0.4411738289239293,-0.3295251743456096
0.3773410774455283,-1.225214613568573,0.14238461290075355,-0.8678994381659053,-0.23803984699639635,-0.6173745513233225,2.112602782104442,-0.15204303376449121
-0.8804625140395659,-0.8589017982835584,-0.1868283649044562,1.1768898140574315,-0.23803984699639635,0.7058869290275058,-0.8471890044100069,-0.3295251743456096
-0.5660116161682923,-2.110470583840692,-1.3390737872226903,-0.18630302075812633,-1.1824862559753209,-1.3153586288710122,-0.5117851637910731,-1.0394537366700831
-0.5660116161682923,-0.4620629150581257,0.14238461290075355,-0.07270361785682983,-0.23803984699639635,-0.12296916306037592,0.5650376929328713,-0.5957483852172871
-1.1949134119108396,-0.9199539341643942,1.0477203018650805,-0.5271012294620158,-1.28873647698545,0.6040975843851341,-0.7618669747788746,-0.8619715960889647
0.3773410774455283,-0.7978496624027226,-1.5036802761252952,-0.18630302075812633,-0.7338742117103317,0.10969219612218746,-0.020447958673863457,-0.3295251743456096
0.6917919753168019,-0.06522403183269301,-0.02222187600185133,1.744886828563914,1.001546064788442,0.051526856326546876,0.6680125562807897,0.02543910681662716
-0.8804625140395659,1.155818685784023,-0.02222187600185133,-0.07270361785682983,-0.23803984699639635,0.8367589435676974,2.106718504198847,-0.06330196347393202
-0.8804625140395659,1.3084490254861123,1.2946300352189877,-0.07270361785682983,-0.23803984699639635,0.25510554561128945,1.1740604561619878,1.6227783720466924
-0.2515607182970188,1.461079365188202,0.4715975907059633,1.0632904111561352,0.470294959737797,0.08060952622436665,1.3652994880938358,-0.2407841040550504
1.949595566801896,-0.4315368471177078,-0.1868283649044562,-0.2999024236594228,-0.23803984699639635,-0.8354945755569755,-1.0737337037754269,0.5578855285599823
-1.1949134119108396,0.30108878345232176,-0.3514348538070611,1.4040886198600246,1.2376576670331731,1.3166229968817336,-0.41469457834875034,-0.8619715960889647
-0.8804625140395659,-0.675745390641051,0.6362040796085682,-2.117492870080167,-0.7456797918225683,-2.013342706418702,-0.04398507029624478,-1.0394537366700831
-0.5660116161682923,-0.09575009977311091,-1.0098608094174806,-1.3222970497710913,-0.4623458691288909,-0.5010438717320408,0.620938333036027,-1.0394537366700831
-1.1949134119108396,0.11793237580981437,3.1053014131476413,1.8584862314652106,-0.17901194643521356,4.922874064211462,-0.5500329701774428,-0.6844894555078463
-0.2515607182970188,1.155818685784023,-0.1868283649044562,-1.3222970497710913,-0.47415144924112745,-0.2392998426516571,-0.7000820567701236,-0.5070073149267279
-0.5660116161682923,-0.18732830359436461,-0.02222187600185133,-0.07270361785682983,-0.23803984699639635,-1.984260036520881,0.9592843126077583,3.3975997778578764
-0.2515607182970188,1.8884443163540525,-0.1868283649044562,-0.8678994381659053,0.6473786614213454,0.45868423489603205,-0.28818260337845086,0.20292124739774553
-0.2515607182970188,-1.3778449532706627,0.800810568511173,0.15449518794576317,-0.8873467531694069,0.13877486602000827,2.3126682308946833,-0.5957483852172871
1.6351446689306226,-0.18732830359436461,0.6362040796085682,0.6088927995509491,-0.23803984699639635,-0.6173745513233225,-0.7147927515341119,-0.4182662446361688
0.3773410774455283,-0.3094325753560362,2.117662479732012,-0.07270361785682983,-0.23803984699639635,2.858004501466215,-0.8736682549851859,-0.5070073149267279
2.2640464646731697,0.30108878345232176,-0.02222187600185133,-0.07270361785682983,-0.23803984699639635,2.7707564917727536,0.2119810185971518,0.5578855285599823
-0.2515607182970188,-0.03469796389227512,0.6362040796085682,0.38169399374835616,-0.17901194643521356,-0.006638483469093712,-0.5912229155166101,-0.6844894555078463
-0.5660116161682923,-0.4925889829985436,1.6238430130241974,-0.07270361785682983,-0.23803984699639635,1.3747883366773752,0.9975321189941279,1.8002605126278108
-1.1949134119108396,0.820031938439426,0.800810568511173,1.0632904111561352,1.4973804295023774,1.2002923172904525,-0.6941977788645283,-0.5957483852172871
-1.1949134119108396,0.514771259035247,-0.4337380982583635,-0.2999024236594228,-0.21442868677192323,1.0375151381797048,-0.3552776342290108,-0.7732305257984056
-0.2515607182970188,1.0947665499031871,-1.5859835205765977,0.7224922024522457,-0.23803984699639635,0.456758835293033,0.3350481838271886,-0.7732305257984056
0.3773410774455283,-0.370484711236872,0.38929434625466086,-0.07270361785682983,-0.23803984699639635,-0.10148441337248561,0.1820185309300437,0.8241087394316599
-0.2515607182970188,1.8884443163540525,-0.10452512045315376,-0.7543000352646088,0.6591842415335819,0.7091365756611572,0.15239846684549563,0.5578855285599823
-1.1949134119108396,0.42319305521399336,-0.02222187600185133,-0.07270361785682983,-0.23803984699639635,0.8332994283589783,0.316749997780068,-0.6844894555078463
0.3773410774455283,1.8273921804732167,0.38929434625466086,-0.5271012294620158,0.682795401758055,1.2492162440233536,1.2517132022393833,1.6227783720466924
0.3773410774455283,1.766340044592381,-0.3514348538070611,-0.07270361785682983,-0.23803984699639635,-1.070825366331389,-0.19654681908632454,0.02543910681662716
0.3773410774455283,1.461079365188202,-0.1868283649044562,0.38169399374835616,-0.23803984699639635,0.9689496656015995,1.9954299898489796,-0.4182662446361688
0.6917919753168019,-0.4620629150581257,-0.6806478316122708,-0.9814988410672018,1.2848799874821193,0.09294828078736027,0.5301718420290843,0.11418017710718635
-1.1949134119108396,0.056880239928978574,-0.4337380982583635,-1.2086976468697948,0.3994614790643777,-0.38520866171807117,2.515093502929047,-0.7732305257984056
-0.8804625140395659,0.08740630786939647,-1.7505900094792026,1.6312874256626175,0.5529340205234529,1.0988077583860656,0.5089065712333551,-0.8619715960889647
1.6351446689306226,-0.0041718959518572225,-0.1868283649044562,-0.5271012294620158,-0.3560956481187619,-0.3220610083535389,-0.7986083902520076,0.6466265988505414
0.06289017957425477,1.0947665499031871,-0.3514348538070611,-0.6407006323633123,-0.167206366322977,-0.7838913216010713,-0.29327328731983143,0.02543910681662716
-0.8804625140395659,0.056880239928978574,1.0477203018650805,0.6088927995509491,-0.36790122823099847,0.28123703405592887,1.1394036299860784,-0.06330196347393202
-0.8804625140395659,1.125292617843605,1.2946300352189877,1.290489216958728,-0.273456587333106,1.4650274493541064,0.014436806567933785,-1.0394537366700831
0.6917919753168019,0.5758233949160828,1.2123267907676853,-0.4135018265607193,4.059191313857711,-0.2525030384606389,-0.9558809028156767,0.6466265988505414
-0.2515607182970188,-0.4010107791772899,-0.5983445871609684,-1.6630952584749807,-1.0644304548529553,-1.3050186839750602,0.24581931968384188,-0.7732305257984056
1.6351446689306226,0.7895058704990081,0.9654170574137779,1.4040886198600246,2.099465015226442,0.8061664580537794,0.3775915990646265,1.4452962314655742
-1.1949134119108396,-0.5536411188793794,-0.8452543205148757,-0.5271012294620158,-0.9227634935061166,0.0007849549852903448,0.6818068922844305,-0.8619715960889647
1.6351446689306226,0.5452973269756649,0.9654170574137779,0.26809459084705967,0.1751554569318831,-0.2353694129011171,0.6357584535524896,1.6227783720466924
-0.8804625140395659,0.08740630786939647,2.9406949242450366,1.6312874256626175,-0.19081752654745013,4.6575784794131625,-0.4902407740768448,-0.5957483852172871
-0.5660116161682923,-0.03469796389227512,-0.1868283649044562,-0.9814988410672018,-0.273456587333106,-0.694141112142044,-0.7830439648854093,0.2916623176883047
-1.1949134119108396,-0.370484711236872,-0.5983445871609684,0.49529339664965266,-0.23803984699639635,0.023394383460287254,-0.08167668730934162,-1.1281948069606422
0.06289017957425477,0.6063494628565007,0.38929434625466086,-0.07270361785682983,-0.23803984699639635,0.6137756410308843,-0.008924984615510074,2.8651533561145213
1.949595566801896,-0.4925889829985436,0.9654170574137779,1.0632904111561352,-0.23803984699639635,1.9375008396152098,1.3520204378851,0.8241087394316599
1.0062428731880755,-0.18732830359436461,-1.256770542771388,0.26809459084705967,-0.23803984699639635,0.02922604655019286,0.8516840078942371,0.11418017710718635
1.0062428731880755,-0.7062714585814689,0.224687857352056,1.0632904111561352,0.8244623631048937,1.0108106293207069,0.5117711299523736,0.6466265988505414
0.6917919753168019,0.48424519109482916,3.022998168696339,-0.07270361785682983,-0.23803984699639635,2.0762432127346955,-0.8033810329325184,0.3804033879788639
-0.8804625140395659,1.3084490254861123,0.14238461290075355,-1.2086976468697948,-0.06095614531284801,-1.0681502942905277,-0.3704996827444371,-0.06330196347393202
-0.2515607182970188,-0.370484711236872,0.060081368449451104,-0.07270361785682983,-0.23803984699639635,-0.6475392421742688,-0.26695223004834234,1.1790730205938966
-0.5660116161682923,1.5831836369498735,0.060081368449451104,-0.07270361785682983,-0.23803984699639635,-0.04583104090628717,-1.0616074956616206,0.2916623176883047
0.3773410774455283,-0.4620629150581257,-0.516041342709666,-0.07270361785682983,-0.23803984699639635,0.6986639277998787,-0.673654390360079,0.4691444582694231
1.0062428731880755,0.9116101422606797,0.5539008351572657,0.15449518794576317,-0.23803984699639635,-0.08368391155049927,-0.043967948708829536,1.0015908800127782
0.06289017957425477,-0.7367975265218868,1.1300235463163828,0.7224922024522457,-0.28526216744534255,1.786569910291344,-0.17089274457729905,-0.5957483852172871
-0.5660116161682923,1.5221315010690377,0.6362040796085682,1.9720856343665072,3.8703020320619252,0.6230870840642347,4.157999087175904,-0.5070073149267279
-1.1949134119108396,-0.03469796389227512,-1.5859835205765977,0.8360916053535421,0.24598893760530244,0.041047666931381975,0.8327641338674273,-0.4182662446361688
-0.2515607182970188,-0.8589017982835584,-0.3514348538070611,-0.4135018265607193,0.15154429670741,0.1882774835686741,0.5547436602398353,-0.3295251743456096
-0.2515607182970188,1.2779229575456945,0.8831138129624755,1.5176880227613212,3.799468551388506,0.5378062743160879,3.72310512136772,-0.5070073149267279
1.320693771059349,0.27056271551190386,-0.10452512045315376,-0.07270361785682983,-0.23803984699639635,-0.009759223575647869,-0.7519725254713524,0.4691444582694231
0.3773410774455283,-3.8199303885040945,0.5539008351572657,0.15449518794576317,-0.23803984699639635,1.1221266065781217,-0.46994068616260193,0.2916623176883047
-0.8804625140395659,-0.98100607004523,-0.10452512045315376,0.04089578504446668,-0.8637355929449338,0.31702160844479493,1.5087293302315454,-0.7732305257984056
0.06289017957425477,-0.0041718959518572225,0.060081368449451104,-0.7543000352646088,-0.2616510072208695,-0.7108221579781437,1.1661726674719044,1.0903319503033373
-0.8804625140395659,2.010548588115724,-0.26913160935575864,1.744886828563914,4.77933170070414,-0.014914983137619558,-0.668228551324711,1.1790730205938966
-0.5660116161682923,-0.7062714585814689,1.0477203018650805,0.6088927995509491,-0.29706774755757914,1.525724354336394,-1.096232639099431,-0.8619715960889647
-0.8804625140395659,0.5452973269756649,-0.02222187600185133,-0.07270361785682983,-0.23803984699639635,-0.4034695499301542,-0.09409759988690126,-0.6844894555078463
1.0062428731880755,1.9189703842944703,0.4715975907059633,-0.07270361785682983,-0.23803984699639635,2.0279967834208814,-1.0618188302502696,0.912849809722219
-0.5660116161682923,-0.2789065074156183,-0.4337380982583635,-0.2999024236594228,0.1279331364829369,0.02525717182905011,0.5759120972947859,-0.06330196347393202
1.6351446689306226,0.8810840743202618,1.0477203018650805,1.4040886198600246,2.087659435114205,0.790402531474282,0.46019978197078326,1.2678140908844557
0.06289017957425477,0.17898451169065016,0.060081368449451104,-0.07270361785682983,-0.23803984699639635,-1.2094209385637635,-0.4219600732831971,1.9777426532089293
-1.1949134119108396,0.5452973269756649,-0.1868283649044562,-0.07270361785682983,-0.23803984699639635,0.592201701601103,0.13493855582723974,-0.6844894555078463
1.0062428731880755,1.766340044592381,-0.6806478316122708,-0.07270361785682983,-0.23803984699639635,-1.4253040078887311,0.4503524047071297,-0.15204303376449121
-1.1949134119108396,0.36214091933315756,-0.10452512045315376,-0.07270361785682983,-0.23803984699639635,0.4037339817232765,1.2132406037938313,-0.8619715960889647
0.6917919753168019,-0.4620629150581257,0.38929434625466086,0.04089578504446668,-0.23803984699639635,0.1296900113053256,1.2708906500534252,0.8241087394316599
0.6917919753168019,-0.7367975265218868,1.1300235463163828,0.7224922024522457,-0.273456587333106,1.7892563931187448,0.3775535880661645,-0.3295251743456096
-0.5660116161682923,-0.4925889829985436,-0.10452512045315376,0.04089578504446668,-0.6040128304757296,0.47257605957582927,0.37056343192450025,-0.15204303376449121
-1.1949134119108396,1.2168708216648587,0.5539008351572657,2.3128838430703964,-0.47415144924112745,2.5412778962021805,0.6498096135893727,-0.8619715960889647
-0.8804625140395659,-1.1336364097473195,-3.3966548985052514,1.290489216958728,-0.5567905100267834,3.0877421859950935,0.011423071215831495,-0.6844894555078463
-0.5660116161682923,1.5526575690094555,1.3769332796702902,-0.07270361785682983,-0.23803984699639635,0.2834928245892847,0.45381553572434163,2.0664837234994886
0.06289017957425477,1.8884443163540525,0.060081368449451104,-0.6407006323633123,0.682795401758055,0.984977166392488,0.6376410575289919,0.912849809722219
0.3773410774455283,-0.7062714585814689,0.800810568511173,-0.07270361785682983,-0.23803984699639635,-0.3429048362434177,-0.8567563780928847,0.20292124739774553
-0.8804625140395659,-0.675745390641051,1.1300235463163828,0.49529339664965266,-0.28526216744534255,1.2551998113036287,-0.5180971523099648,-0.5957483852172871
1.0062428731880755,2.010548588115724,0.224687857352056,-0.07270361785682983,1.6744641311859256,0.49191495388600515,0.21908704158965406,1.8002605126278108
1.320693771059349,1.4916054331286197,2.693785190891129,-0.4135018265607193,1.0723795454618614,1.387697463741041,0.4226692265463457,1.3565551611750148
0.6917919753168019,1.0337144140223513,-0.516041342709666,-0.07270361785682983,-0.23803984699639635,-0.23259688343719417,-0.004069666363845777,0.11418017710718635
-0.2515607182970188,-0.4315368471177078,0.224687857352056,-0.07270361785682983,-0.23803984699639635,-0.7671445203206618,-0.5508154995613097,1.2678140908844557
0.3773410774455283,1.2779229575456945,-0.6806478316122708,-0.18630302075812633,-0.23803984699639635,-0.06570344324837141,-1.0833228311302263,0.6466265988505414
-0.8804625140395659,-0.7062714585814689,-0.516041342709666,0.6088927995509491,-0.8873467531694069,0.3084727512080097,0.2690054175457948,-0.8619715960889647
-0.2515607182970188,1.6137097048902913,-0.9275575649661781,-0.8678994381659053,0.5883507608601626,0.11660305048960234,0.07765788910437009,0.20292124739774553
0.3773410774455283,-0.4315368471177078,-0.516041342709666,-0.07270361785682983,-0.23803984699639635,0.40921798581164726,-0.23394136800466317,0.4691444582694231
-1.1949134119108396,-0.5841671868197973,-0.8452543205148757,0.15449518794576317,-0.8755411730571704,0.3840998910849572,0.5659307104656134,-0.8619715960889647
-0.5660116161682923,0.514771259035247,-1.3390737872226903,0.15449518794576317,-0.15540078621074047,-0.4764256691600245,-0.2629851633889362,-0.8619715960889647
-0.2515607182970188,-0.5841671868197973,1.4592365241215925,0.38169399374835616,-0.28526216744534255,2.1777019866326914,-1.0261939844762622,-0.8619715960889647
0.06289017957425477,-0.7367975265218868,1.1300235463163828,0.7224922024522457,-0.28526216744534255,1.7872924793229608,-0.02338004454063662,-0.5070073149267279
0.3773410774455283,1.2168708216648587,-0.7629510760635733,-0.07270361785682983,-0.23803984699639635,-0.5085536696357105,-1.0450236574326366,0.912849809722219
0.06289017957425477,-0.6146932547602152,1.2123267907676853,0.38169399374835616,-0.23803984699639635,0.7758818830814046,1.4107476316673302,0.3804033879788639
-0.8804625140395659,0.6368755307969186,-0.10452512045315376,-0.07270361785682983,-0.23803984699639635,-0.698949461519567,-0.7574913127939337,-0.5070073149267279
0.6917919753168019,1.7052879087115451,0.800810568511173,-0.9814988410672018,0.576545180747926,0.5703865215717417,0.45260232875318274,1.5340373017561333
-0.5660116161682923,1.155818685784023,-0.1868283649044562,-0.9814988410672018,-0.40331796856770813,0.10587836470519509,0.20028360954020757,-0.4182662446361688
0.6917919753168019,0.5452973269756649,-0.516041342709666,-0.07270361785682983,-0.23803984699639635,0.32193105467926136,-0.9965428793616313,0.3804033879788639
0.6917919753168019,1.674761840771127,0.8831138129624755,-1.0950982439684982,0.5411284404112163,0.3260921360668395,0.23563809635180724,1.5340373017561333
1.0062428731880755,-0.4315368471177078,-0.3514348538070611,-0.2999024236594228,-0.23803984699639635,-0.22275141302152665,-0.9292957268501931,0.5578855285599823
-0.2515607182970188,1.430553297247784,-1.0921640538687831,-0.4135018265607193,0.682795401758055,0.02475582550684652,0.031282946050940286,0.02543910681662716
0.06289017957425477,1.2473968896052765,-0.10452512045315376,-1.3222970497710913,0.3404335785031949,-1.0732901118043567,0.2274306335077272,1.4452962314655742
0.6917919753168019,1.155818685784023,2.282268968634617,-0.07270361785682983,-0.23803984699639635,0.773027278822594,0.24386292416228245,1.2678140908844557
-0.8804625140395659,1.6442357728307093,-0.4337380982583635,0.26809459084705967,0.4230726392888508,0.11435287827609926,-0.09573644809002406,0.20292124739774553
0.6917919753168019,0.36214091933315756,0.9654170574137779,1.9720856343665072,1.0487683852373881,1.0562724811817092,0.9867278659485773,0.8241087394316599
0.6917919753168019,-0.4620629150581257,0.5539008351572657,0.04089578504446668,-0.23803984699639635,0.26680808969515485,1.425015257619791,0.8241087394316599
1.0062428731880755,1.125292617843605,-0.26913160935575864,-0.9814988410672018,-0.11998404587403079,-1.2206990098118962,-0.4194121990400721,0.7353676691411006
0.3773410774455283,-0.4010107791772899,0.38929434625466086,-0.07270361785682983,-0.23803984699639635,-0.03315371671177016,0.4126364000809131,0.8241087394316599
0.06289017957425477,1.0031883460819335,0.800810568511173,1.1768898140574315,0.765434462543711,0.8498427924893153,-0.3336902271874027,-0.4182662446361688
0.6917919753168019,-0.7367975265218868,-0.5983445871609684,0.15449518794576317,-0.23803984699639635,0.7093188726130826,-0.5505223443248326,-0.2407841040550504
0.3773410774455283,1.766340044592381,0.5539008351572657,-0.9814988410672018,0.576545180747926,0.4107753604036031,0.0569014319689252,1.0015908800127782
2.578497362544443,0.026354171988560677,1.3769332796702902,-0.07270361785682983,-0.23803984699639635,1.4056252526715043,0.3512195787346278,0.6466265988505414
1.320693771059349,1.4000272293073661,2.9406949242450366,-0.6407006323633123,1.1668241863597537,1.6392829078109268,0.5764301817267674,1.8002605126278108
-0.2515607182970188,1.461079365188202,-1.0921640538687831,-0.9814988410672018,0.5293228602989798,-0.1073392738370112,0.17238786028590264,0.11418017710718635
-0.8804625140395659,1.3389750934265303,0.9654170574137779,-0.07270361785682983,-0.23803984699639635,0.3226202265170067,0.5540390659253243,1.2678140908844557
0.3773410774455283,1.2168708216648587,0.8831138129624755,0.6088927995509491,2.064048274889732,-0.21575610357618638,-0.24464504891900338,1.2678140908844557
-1.1949134119108396,0.33161485139273966,-0.1868283649044562,0.15449518794576317,-0.23803984699639635,0.3909862357851419,0.8601129333677614,-0.8619715960889647
1.6351446689306226,-0.12627616771352881,1.7061462574755,-0.07270361785682983,-0.23803984699639635,2.091035209755631,-0.26274750750774695,0.11418017710718635
0.3773410774455283,1.9189703842944703,-0.10452512045315376,0.04089578504446668,-0.13178962598626734,-0.930326340960783,-0.9326496725141804,0.912849809722219
-1.1949134119108396,0.17898451169065016,-0.02222187600185133,1.290489216958728,1.1432130261352806,1.4326792174965102,-0.09947214902321447,-0.7732305257984056
0.06289017957425477,-0.03469796389227512,-0.1868283649044562,-1.2086976468697948,-0.273456587333106,-0.6319158862722329,1.6668601230134192,1.0015908800127782
-0.2515607182970188,1.8579182484136345,-0.02222187600185133,-0.7543000352646088,0.6709898216458184,0.4302864531656922,-0.2836465205445614,0.20292124739774553
-0.5660116161682923,-0.4010107791772899,0.060081368449451104,0.04089578504446668,-0.23803984699639635,-0.21033875493863222,-0.8076014885155554,-0.8619715960889647
0.3773410774455283,0.24003664757148596,0.7185073240598706,0.15449518794576317,-0.2262342668841598,-0.15758933480761583,-0.459119679283141,0.8241087394316599
-0.2515607182970188,0.24003664757148596,0.14238461290075355,0.38169399374835616,0.15154429670741,-0.06675174142622063,-0.09629965245247035,-0.6844894555078463
-0.5660116161682923,-0.9199539341643942,-2.5736224539922268,1.290489216958728,-0.42692912879218126,2.188401644165972,-0.01078075987341598,-0.7732305257984056
-0.2515607182970188,-2.0494184479598565,0.4715975907059633,0.38169399374835616,-0.7102630514858586,0.33005343871094645,1.8571220242209772,-0.3295251743456096
-1.1949134119108396,0.36214091933315756,-0.10452512045315376,-0.18630302075812633,-0.23803984699639635,0.43067751239159896,1.1380784252339537,-0.7732305257984056
1.320693771059349,-0.03469796389227512,-0.1868283649044562,-0.5271012294620158,-0.34429006800652534,-0.37275734002269056,-0.8691586467523822,0.5578855285599823
1.0062428731880755,0.9726622781415155,-0.3514348538070611,-0.07270361785682983,-0.23803984699639635,-0.34977779367597384,-0.3228778733386559,0.2916623176883047
-0.8804625140395659,0.6368755307969186,-0.10452512045315376,-0.07270361785682983,-0.23803984699639635,-0.294139451181403,-0.6834618395029355,-0.5070073149267279
-0.2515607182970188,1.369501161366948,0.800810568511173,1.744886828563914,3.7876629712762697,0.6516303407876294,4.301444745794289,-0.6844894555078463
0.3773410774455283,-3.362039369397826,-0.4337380982583635,1.0632904111561352,-0.23803984699639635,0.6722381347368983,0.38120740179835216,0.4691444582694231
-1.1949134119108396,1.7052879087115451,-0.516041342709666,1.744886828563914,-0.23803984699639635,1.1653124927982066,3.687513347810049,-0.5070073149267279
0.6917919753168019,0.6063494628565007,0.800810568511173,0.26809459084705967,0.15154429670741,-0.0847775771711765,0.5323115122912521,-0.2407841040550504
1.0062428731880755,0.11793237580981437,-0.3514348538070611,2.0856850372678037,-0.23803984699639635,0.7632498443745477,-0.19161861308691222,0.7353676691411006
0.3773410774455283,-0.6146932547602152,-0.02222187600185133,-1.2086976468697948,0.1279331364829369,-0.40977488876805185,0.6266927264340165,0.4691444582694231
-0.2515607182970188,0.08740630786939647,0.9654170574137779,1.9720856343665072,1.025157225012915,1.4243327743141214,0.5780543155662258,0.2916623176883047
1.949595566801896,-0.3399586432964541,-0.10452512045315376,-0.18630302075812633,-0.23803984699639635,-0.1410434029411193,-0.7224640553993247,-0.3295251743456096
-0.2515607182970188,1.461079365188202,-1.0921640538687831,-1.0950982439684982,0.5175172801867433,-0.12509012793641416,0.1463493482653693,0.11418017710718635
0.6917919753168019,1.369501161366948,1.1300235463163828,0.9496910082548387,0.8362679432171303,0.5733856404859874,-0.2892551486660135,-0.15204303376449121
-0.2515607182970188,1.0337144140223513,0.224687857352056,-0.5271012294620158,-0.3206789077820522,-0.10850580500216314,0.3889916628560185,-0.3295251743456096
-0.5660116161682923,-0.7367975265218868,-0.3514348538070611,0.6088927995509491,-0.8519300128326972,0.4209760530827218,0.3815717489224239,-0.7732305257984056
-0.5660116161682923,0.08740630786939647,0.3069911018033584,0.49529339664965266,0.4466837995133239,1.1065682552795155,1.6672165389898037,-0.3295251743456096
0.3773410774455283,0.24003664757148596,0.7185073240598706,0.04089578504446668,-0.2262342668841598,-0.08744566328831105,-0.42608227594554826,0.8241087394316599
0.06289017957425477,-0.21785437153478251,-0.7629510760635733,-1.8902940642775738,-0.2498454271086329,-0.5431845542618654,0.16272461926900264,-0.06330196347393202
1.949595566801896,1.0031883460819335,0.6362040796085682,0.9496910082548387,1.9459924737673664,0.7854019314109792,0.13859164775035868,2.0664837234994886
-0.5660116161682923,1.5221315010690377,-1.0921640538687831,-0.6407006323633123,0.5293228602989798,-0.006026247628548391,0.0584608622432319,0.20292124739774553
-0.8804625140395659,1.8884443163540525,0.38929434625466086,-1.5494958555736842,0.5293228602989798,0.043036933425439565,0.23551640712330627,-0.6844894555078463
-0.2515607182970188,-0.4315368471177078,0.060081368449451104,-0.07270361785682983,-0.23803984699639635,-0.2634172644467007,-0.5727208191352203,-0.6844894555078463
-0.8804625140395659,2.010548588115724,0.3069911018033584,1.6312874256626175,4.555025678571646,0.23802747166224036,-0.9592469130019378,0.8241087394316599
-1.1949134119108396,0.17898451169065016,-0.9275575649661781,0.38169399374835616,0.1987666171563562,0.228327051782958,0.2832020843209198,-0.8619715960889647
-1.1949134119108396,-0.12627616771352881,-0.6806478316122708,0.04089578504446668,0.2341833574930659,0.13969463921642097,-0.6821375135610988,-0.15204303376449121
1.6351446689306226,0.9726622781415155,0.5539008351572657,-0.4135018265607193,-0.21442868677192323,-1.1906810685694877,-0.7080237221533532,1.4452962314655742
0.06289017957425477,1.4916054331286197,-0.1868283649044562,0.7224922024522457,0.9425181642272592,0.18239887086673845,-0.38889626042978087,-0.2407841040550504
-0.5660116161682923,1.2779229575456945,-0.516041342709666,1.5176880227613212,4.873776341602032,1.03313778104165,0.4626678707595568,-0.15204303376449121
-0.5660116161682923,0.8810840743202618,-1.5859835205765977,-0.4135018265607193,4.637664739357302,0.7605605459562804,-0.7913554976443078,-0.7732305257984056
-0.2515607182970188,1.2168708216648587,-0.3514348538070611,0.7224922024522457,1.025157225012915,0.01663006608775701,0.13131749443518295,-0.4182662446361688
0.06289017957425477,0.9726622781415155,0.38929434625466086,-0.07270361785682983,-0.23803984699639635,0.1914847404931521,0.694510353143935,-0.2407841040550504
